nation_number	attribute	raw_value	end
5	97	431	
5	90	1076	
5	91	201	
5	92	20	
5	93	199	
5	94	25	
5	74	1076	
5	76	201	
5	80	10	
5	77	199	
5	81	10	
5	84	50	
5	85	10	
5	75	3197	
5	78	1077	
5	82	10	
5	79	1082	
5	83	10	
5	138	6	
5	52	75	
5	52	74	
5	52	73	
5	134	300	
5	137	1	
5	289	3	
5	289	10	
5	198	50	
5	139	954	
5	140	1073	
5	141	1089	
5	345	50	
5	346	20	
5	347	1072	
5	348	199	
5	349	15	
5	350	1076	
5	351	1	
5	353	3	
5	314	600	
5	314	602	
5	314	1230	
5	314	1343	
5	314	2783	
5	314	3053	
5	314	3203	
5	314	3205	
5	314	3208	
5	314	3209	
5	314	3368	
6	289	3	
6	42	1	
6	378	15	
6	97	3107	
6	90	3111	
6	91	3103	
6	92	15	
6	93	3105	
6	94	15	
6	74	3108	
6	76	3101	
6	80	20	
6	77	3105	
6	81	10	
6	75	3111	
6	78	3109	
6	82	4	
6	79	3110	
6	83	6	
6	138	2	
6	52	194	
6	52	195	
6	640	1	
6	345	3120	
6	346	10	
6	347	3114	
6	348	3109	
6	349	2	
6	350	3111	
6	351	2	
6	354	11	
6	353	13	
6	139	3122	
6	273	101	
6	314	3121	
6	314	2463	
6	314	3124	
6	314	3368	
7	716	128	
7	97	430	
7	90	1534	
7	91	1532	
7	92	15	
7	93	228	
7	94	25	
7	74	1534	
7	76	1532	
7	80	10	
7	77	228	
7	81	10	
7	84	239	
7	85	10	
7	75	231	
7	78	27	
7	82	5	
7	79	1704	
7	83	5	
7	294	239	
7	294	227	
7	294	228	
7	294	234	
7	294	2156	
7	294	27	
7	295	430	
7	295	1534	
7	295	2158	
7	295	231	
7	149	540	
7	139	614	
7	140	2246	
7	273	103	
7	272	100	
7	319	75	
7	387	300	
7	388	300	
7	696	1	
7	704	1	
7	138	10	
7	52	118	
7	289	3	
7	289	10	
7	643	1	
7	640	-1	
7	345	27	
7	346	12	
7	347	231	
7	348	1532	
7	349	15	
7	350	1534	
7	351	0	
7	352	50	
7	353	10	
7	271	50	
7	314	138	
7	314	812	
7	314	978	
7	314	979	
7	314	1343	
7	314	2783	
7	314	2961	
7	314	3650	
8	97	426	
8	90	671	
8	91	1100	
8	92	25	
8	93	1103	
8	94	15	
8	74	671	
8	76	1100	
8	80	10	
8	77	1101	
8	81	10	
8	84	1102	
8	85	10	
8	75	1110	
8	78	1103	
8	82	10	
8	138	2	
8	52	77	
8	289	3	
8	289	10	
8	640	1	
8	198	50	
8	139	1586	
8	140	1587	
8	141	3123	
8	345	50	
8	346	30	
8	347	671	
8	348	1102	
8	349	15	
8	350	671	
8	351	2	
8	353	13	
8	354	1	
8	314	874	
8	314	1343	
8	314	2463	
9	97	426	
9	90	1169	
9	91	1184	
9	92	20	
9	93	1167	
9	94	10	
9	74	1169	
9	76	1184	
9	80	10	
9	77	1168	
9	81	10	
9	75	1174	
9	78	1167	
9	82	10	
9	704	1	
9	698	1	
9	138	11	
9	52	84	
9	52	85	
9	52	125	
9	52	57	
9	289	3	
9	289	10	
9	270	42	
9	139	1228	
9	140	1589	
9	141	1795	
9	345	1184	
9	346	20	
9	347	1188	
9	348	1669	
9	349	12	
9	350	1173	
9	314	157	
9	314	266	
10	185	1	
10	97	1811	
10	90	1815	
10	91	1814	
10	92	25	
10	93	1812	
10	94	20	
10	74	1815	
10	76	1814	
10	80	10	
10	77	1796	
10	81	10	
10	75	1800	
10	78	1812	
10	82	20	
10	138	11	
10	52	136	
10	52	137	
10	289	2	
10	289	10	
10	198	75	
10	270	89	
10	345	1814	
10	346	20	
10	347	1815	
10	348	1812	
10	349	12	
10	350	1815	
10	353	16	
10	354	15	
10	139	1793	
10	140	1794	
10	141	1803	
10	142	1804	
10	314	1898	
10	314	1899	
10	314	2789	
10	314	2795	
10	314	2856	
10	314	3076	
11	97	1755	
11	90	1750	
11	91	1757	
11	92	20	
11	93	1758	
11	94	25	
11	74	1750	
11	76	1749	
11	80	10	
11	77	1758	
11	81	10	
11	84	1756	
11	85	5	
11	75	1752	
11	78	1751	
11	82	10	
11	138	11	
11	52	133	
11	52	134	
11	289	2	
11	289	10	
11	644	1	
11	645	1	
11	319	50	
11	345	1758	
11	346	20	
11	347	1750	
11	348	1756	
11	349	12	
11	350	1750	
11	270	89	
11	139	1805	
11	314	266	
11	314	1905	
11	314	2856	
11	314	3693	
12	97	1209	
12	90	1215	
12	91	1212	
12	92	20	
12	93	1213	
12	94	25	
12	74	1215	
12	76	1211	
12	80	10	
12	77	1212	
12	81	10	
12	84	1213	
12	85	10	
12	75	1206	
12	78	1214	
12	82	10	
12	133	300	
12	704	1	
12	138	10	
12	52	91	
12	289	2	
12	289	10	
12	198	50	
12	139	1588	
12	140	1843	
12	141	1849	
12	345	1211	
12	346	30	
12	347	1206	
12	348	1213	
12	349	18	
12	350	1215	
12	314	266	
12	314	779	
12	314	1378	
12	314	2450	
12	314	2784	
12	314	2230	
12	314	2930	
12	314	3079	
12	314	3080	
12	314	3081	
12	314	3082	
13	716	128	
13	97	2279	
13	90	1158	
13	91	1162	
13	92	20	
13	93	1152	
13	94	15	
13	74	1158	
13	76	1162	
13	80	10	
13	77	1153	
13	81	10	
13	75	1160	
13	78	1152	
13	82	10	
13	298	1162	
13	298	1152	
13	298	1153	
13	298	1155	
13	299	2279	
13	299	1158	
13	299	1160	
13	294	1162	
13	294	1152	
13	294	1153	
13	294	1154	
13	295	2279	
13	295	1158	
13	295	1160	
13	705	1	
13	289	1	
13	289	2	
13	289	10	
13	642	-1	
13	319	25	
13	138	11	
13	52	82	
13	52	83	
13	136	25	
13	139	1582	
13	140	1583	
13	141	1584	
13	345	1162	
13	346	20	
13	347	1158	
13	348	1153	
13	349	15	
13	350	1158	
13	270	78	
13	270	79	
13	270	25	
13	314	266	
13	314	550	
13	314	606	
13	314	1230	
13	314	1340	
13	314	1370	
13	314	2234	
14	274	3	
14	311	20	
14	312	20	
14	372	20	
14	97	3589	
14	90	3590	
14	91	3591	
14	92	15	
14	93	3592	
14	94	15	
14	74	3594	
14	76	3591	
14	80	10	
14	77	3592	
14	81	10	
14	75	3599	
14	78	3598	
14	82	5	
14	302	3633	
14	302	3587	
14	302	3588	
14	302	3689	
14	303	3589	
14	303	3590	
14	303	3606	
14	299	3605	
14	690	3597	
14	690	3598	
14	691	3599	
14	299	3605	
14	295	3600	
14	295	3601	
14	133	300	
14	134	300	
14	138	31	
14	52	219	
14	52	220	
14	52	221	
14	289	3	
14	289	10	
14	345	3598	
14	346	4	
14	347	3594	
14	348	3597	
14	349	2	
14	350	3599	
14	314	606	
14	314	657	
14	314	2791	
14	314	3632	
14	314	3639	
14	314	3641	
14	314	3894	
15	274	2	
15	203	1	
15	275	1	
15	311	20	
15	312	20	
15	372	20	
15	379	1	
15	97	1466	
15	90	1463	
15	91	1465	
15	92	30	
15	93	1464	
15	94	15	
15	74	1463	
15	76	1465	
15	80	10	
15	77	1464	
15	81	10	
15	75	1460	
15	78	1453	
15	82	10	
15	79	1488	
15	83	5	
15	171	1638	
15	173	1491	
15	177	15	
15	172	2490	
15	175	1636	
15	179	15	
15	186	1638	
15	187	1491	
15	187	1636	
15	187	2490	
15	302	1452	
15	302	1489	
15	302	1465	
15	302	1464	
15	302	1453	
15	302	1462	
15	303	1466	
15	303	1463	
15	303	2491	
15	722	2492	
15	723	2493	
15	724	2492	
15	725	2493	
15	138	31	
15	52	109	
15	52	110	
15	52	112	
15	52	167	
15	289	10	
15	198	50	
15	329	2	
15	270	81	
15	270	44	
15	376	2	
15	139	1458	
15	140	2494	
15	141	2495	
15	142	2496	
15	143	1678	
15	149	1772	
15	345	1488	
15	346	4	
15	347	1463	
15	348	1464	
15	349	15	
15	350	1470	
15	663	2492	
15	664	2	
15	665	1638	
15	666	1636	
15	667	20	
15	668	1638	
15	314	1590	
15	314	2502	
15	314	2503	
15	314	2791	
15	314	2955	
15	314	3639	
16	643	-1	
16	642	2	
16	707	2	
16	274	1	
16	311	15	
16	312	15	
16	372	15	
16	716	64	
16	97	429	
16	90	119	
16	91	81	
16	92	10	
16	93	82	
16	94	10	
16	74	119	
16	76	81	
16	80	5	
16	77	82	
16	81	5	
16	75	1698	
16	78	82	
16	82	10	
16	704	1	
16	705	-3	
16	208	1	
16	200	1	
16	319	50	
16	329	2	
16	650	1	
16	138	0	
16	52	119	
16	52	120	
16	170	1	
16	359	1	
16	360	1	
16	289	7	
16	289	10	
16	139	1667	
16	271	25	
16	345	82	
16	346	10	
16	347	1698	
16	348	83	
16	349	6	
16	350	119	
16	314	216	
16	314	486	
16	314	655	
16	314	1025	
16	314	2792	
17	716	64	
17	97	2024	
17	90	2023	
17	91	2021	
17	92	8	
17	93	2022	
17	94	8	
17	74	2023	
17	76	2021	
17	80	5	
17	77	2022	
17	81	3	
17	75	2033	
17	78	2059	
17	82	5	
17	139	2076	
17	140	2077	
17	141	2078	
17	142	2079	
17	143	2080	
17	144	2081	
17	705	-2	
17	704	1	
17	208	1	
17	319	75	
17	138	29	
17	52	147	
17	52	146	
17	289	5	
17	289	10	
17	642	1	
17	345	2059	
17	346	5	
17	347	2023	
17	348	2022	
17	349	6	
17	350	2023	
17	351	2	
17	353	17	
17	354	15	
17	271	25	
17	314	120	
17	314	216	
17	314	1025	
17	314	2082	
17	314	2462	
18	716	64	
18	403	1	
18	97	3457	
18	90	3458	
18	91	3455	
18	92	20	
18	93	3470	
18	94	25	
18	74	3460	
18	76	3455	
18	80	10	
18	77	3470	
18	81	10	
18	75	3459	
18	78	3456	
18	82	5	
18	79	3454	
18	83	5	
18	139	3475	
18	140	3484	
18	149	3474	
18	705	-3	
18	319	50	
18	313	3471	
18	273	102	
18	273	105	
18	498	1	
18	632	1	
18	300	3477	
18	728	3477	
18	138	33	
18	52	214	
18	52	215	
18	631	216	
18	631	217	
18	631	211	
18	289	5	
18	289	7	
18	289	10	
18	642	1	
18	645	1	
18	707	1	
18	345	3453	
18	346	20	
18	345	3470	
18	346	20	
18	347	3460	
18	348	3455	
18	349	15	
18	350	3458	
18	314	1025	
18	314	3369	
18	314	3370	
18	314	3386	
18	314	3387	
18	314	3388	
18	315	3473	
19	275	1	
19	97	2161	
19	90	2177	
19	91	2172	
19	92	30	
19	74	2177	
19	76	2172	
19	80	10	
19	77	2174	
19	81	5	
19	75	2268	
19	78	2175	
19	82	5	
19	296	2168	
19	296	2183	
19	297	2169	
19	297	2170	
19	297	2171	
19	171	3093	
19	173	3089	
19	177	8	
19	172	3094	
19	175	3090	
19	179	8	
19	186	3093	
19	186	3094	
19	186	3092	
19	186	3091	
19	187	3089	
19	187	3090	
19	139	2432	
19	140	2433	
19	141	2965	
19	705	-1	
19	268	1	
19	289	5	
19	289	10	
19	640	1	
19	642	1	
19	138	28	
19	52	149	
19	52	150	
19	52	151	
19	345	2163	
19	346	12	
19	347	2178	
19	666	3090	
19	667	20	
19	668	3093	
19	348	2175	
19	349	8	
19	350	2177	
19	351	1	
19	354	11	
19	353	12	
19	314	606	
19	314	661	
19	314	1372	
19	314	1373	
19	314	2137	
19	314	2435	
19	314	2960	
19	314	3190	
19	314	3191	
19	314	3344	
19	315	2437	
20	716	128	
20	97	1119	
20	90	1334	
20	91	1120	
20	92	40	
20	93	1121	
20	94	20	
20	95	1122	
20	96	30	
20	74	1127	
20	76	1118	
20	80	20	
20	77	1122	
20	81	10	
20	84	1121	
20	85	10	
20	75	1334	
20	78	1333	
20	82	10	
20	79	1130	
20	83	5	
20	294	1118	
20	294	1120	
20	294	1121	
20	294	1122	
20	295	1127	
20	705	-2	
20	319	75	
20	138	7	
20	52	98	
20	52	99	
20	289	8	
20	289	10	
20	645	1	
20	642	1	
20	139	1585	
20	270	77	
20	345	1130	
20	346	4	
20	345	1121	
20	346	12	
20	345	1120	
20	346	12	
20	345	1118	
20	346	8	
20	347	1334	
20	348	1333	
20	349	12	
20	350	1334	
20	314	1344	
20	314	2202	
20	314	2466	
20	314	2549	
20	314	3926	
21	716	128	
21	97	1119	
21	90	1334	
21	91	1120	
21	92	40	
21	93	1121	
21	94	20	
21	95	1122	
21	96	30	
21	74	1761	
21	76	1118	
21	80	20	
21	77	1122	
21	81	10	
21	84	1121	
21	85	10	
21	75	1760	
21	78	1762	
21	82	10	
21	79	1130	
21	83	5	
21	294	1118	
21	294	1120	
21	294	1121	
21	294	1122	
21	295	1127	
21	705	-2	
21	210	1	
21	319	50	
21	695	1	
21	138	7	
21	52	131	
21	52	132	
21	289	8	
21	289	10	
21	640	-1	
21	642	1	
21	208	1	
21	310	1	
21	139	1914	
21	271	25	
21	270	77	
21	272	100	
21	345	1130	
21	346	4	
21	345	1121	
21	346	12	
21	345	1120	
21	346	12	
21	345	1118	
21	346	8	
21	347	1761	
21	348	1762	
21	349	8	
21	350	1761	
21	314	1096	
21	314	1341	
21	314	2550	
21	314	3662	
22	97	426	
22	90	1665	
22	91	794	
22	92	20	
22	93	927	
22	94	5	
22	74	1665	
22	76	794	
22	80	10	
22	77	796	
22	81	10	
22	84	797	
22	85	10	
22	75	806	
22	78	795	
22	82	10	
22	138	15	
22	52	53	
22	52	54	
22	289	4	
22	289	10	
22	319	75	
22	139	942	
22	140	943	
22	141	944	
22	299	4023	
22	295	4023	
22	353	12	
22	354	1	
22	345	797	
22	346	20	
22	347	806	
22	348	795	
22	349	15	
22	350	1665	
22	314	1345	
22	314	2457	
22	314	2556	
22	314	3060	
22	314	3088	
22	314	3928	
22	314	3929	
22	314	3931	
22	314	3932	
23	716	8388624	
23	97	1313	
23	90	1276	
23	91	1260	
23	92	25	
23	93	1312	
23	94	25	
23	74	1609	
23	76	1311	
23	80	10	
23	77	1260	
23	81	10	
23	75	1276	
23	78	1312	
23	82	10	
23	79	1264	
23	83	5	
23	298	1393	
23	298	1394	
23	298	1395	
23	299	2467	
23	299	3069	
23	309	1	
23	311	15	
23	312	15	
23	372	15	
23	358	-25	
23	138	30	
23	133	300	
23	52	95	
23	289	4	
23	289	10	
23	640	-1	
23	139	1671	
23	140	1672	
23	141	1673	
23	270	88	
23	272	100	
23	357	1	
23	345	1312	
23	346	20	
23	347	1313	
23	348	1311	
23	349	15	
23	350	1313	
23	353	2	
23	351	0	
23	271	25	
23	314	2203	
23	314	2978	
23	314	3073	
23	314	3074	
24	716	8388624	
24	97	484	
24	90	1288	
24	91	2566	
24	92	25	
24	93	2565	
24	94	25	
24	74	1288	
24	76	2564	
24	80	10	
24	77	2565	
24	81	10	
24	75	2557	
24	78	1278	
24	82	15	
24	79	419	
24	83	1	
24	705	2	
24	313	2562	
24	364	1	
24	138	7	
24	52	94	
24	52	168	
24	52	169	
24	289	5	
24	289	8	
24	289	10	
24	642	-1	
24	270	34	
24	139	1674	
24	140	2577	
24	345	2565	
24	346	20	
24	347	1288	
24	348	2566	
24	349	20	
24	350	1288	
24	314	2552	
24	314	2578	
24	314	2785	
25	642	1	
25	97	729	
25	90	730	
25	91	721	
25	92	30	
25	93	722	
25	94	30	
25	74	730	
25	76	721	
25	80	20	
25	77	722	
25	81	10	
25	75	731	
25	78	727	
25	82	10	
25	139	933	
25	140	936	
25	703	1	
25	704	1	
25	169	1	
25	705	-1	
25	208	1	
25	319	75	
25	329	3	
25	662	1	
25	138	14	
25	52	30	
25	52	31	
25	52	32	
25	52	33	
25	289	6	
25	289	10	
25	640	-1	
25	642	1	
25	345	721	
25	346	30	
25	347	730	
25	348	723	
25	349	18	
25	350	730	
25	270	82	
25	351	0	
25	353	11	
25	354	11	
25	314	857	
25	314	858	
25	314	2442	
26	642	1	
26	641	-1	
26	274	3	
26	311	15	
26	312	15	
26	372	15	
26	716	128	
26	97	2674	
26	90	2691	
26	91	2668	
26	92	25	
26	93	2671	
26	94	25	
26	95	2688	
26	96	30	
26	74	2674	
26	76	2668	
26	80	20	
26	77	2670	
26	81	15	
26	75	2677	
26	78	2671	
26	82	20	
26	294	2668	
26	294	2669	
26	295	2674	
26	302	2668	
26	302	2669	
26	303	2674	
26	303	2678	
26	139	2692	
26	140	2757	
26	141	2758	
26	142	2759	
26	143	2760	
26	144	2761	
26	145	2762	
26	704	1	
26	705	-1	
26	208	1	
26	138	14	
26	52	174	
26	52	175	
26	289	6	
26	289	10	
26	345	2670	
26	346	30	
26	347	2674	
26	348	2671	
26	349	18	
26	350	2674	
26	270	93	
26	351	1	
26	271	25	
26	314	604	
26	314	2755	
26	314	2756	
26	314	3192	
27	716	32	
27	379	1	
27	97	510	
27	90	163	
27	91	167	
27	92	25	
27	93	166	
27	94	15	
27	74	163	
27	76	168	
27	80	10	
27	77	166	
27	81	20	
27	75	162	
27	78	171	
27	82	10	
27	79	166	
27	83	10	
27	139	379	
27	140	1660	
27	141	1708	
27	142	635	
27	705	-2	
27	138	5	
27	52	9	
27	289	7	
27	289	10	
27	642	1	
27	640	1	
27	198	50	
27	345	167	
27	346	12	
27	347	163	
27	348	166	
27	349	15	
27	350	162	
27	314	320	
27	314	1349	
27	314	2205	
27	314	2445	
27	314	2793	
27	314	2799	
28	97	2288	
28	90	2289	
28	91	2299	
28	92	25	
28	93	2300	
28	94	25	
28	74	2290	
28	76	2299	
28	80	10	
28	77	2298	
28	81	20	
28	84	2300	
28	85	10	
28	75	2291	
28	78	2304	
28	82	10	
28	705	-2	
28	138	16	
28	52	153	
28	52	154	
28	289	7	
28	289	10	
28	642	1	
28	270	80	
28	139	952	
28	140	953	
28	141	946	
28	142	1426	
28	143	1706	
28	345	2299	
28	346	30	
28	347	2290	
28	348	2300	
28	349	20	
28	350	2290	
28	314	216	
28	314	957	
28	314	1025	
28	314	1346	
28	314	2426	
28	314	2427	
28	314	2787	
28	314	2790	
28	314	2792	
28	314	2958	
29	185	1	
29	739	2263	
29	739	2264	
29	264	1	
29	97	2252	
29	90	2253	
29	91	2255	
29	92	25	
29	93	2257	
29	94	15	
29	74	2253	
29	76	2254	
29	80	10	
29	77	2255	
29	81	10	
29	84	2256	
29	85	10	
29	75	2265	
29	78	2258	
29	82	10	
29	139	2429	
29	140	2430	
29	141	2876	
29	705	-1	
29	267	10	
29	739	2264	
29	138	0	
29	52	152	
29	704	1	
29	208	1	
29	289	3	
29	289	7	
29	289	5	
29	289	10	
29	642	1	
29	345	2255	
29	346	20	
29	347	2253	
29	348	2257	
29	349	12	
29	350	2253	
29	351	2	
29	314	120	
29	314	2315	
29	314	2462	
29	314	2792	
29	314	2881	
30	642	-1	
30	645	1	
30	97	1512	
30	90	263	
30	91	1508	
30	92	10	
30	93	1679	
30	94	30	
30	74	263	
30	76	3004	
30	80	10	
30	77	1508	
30	81	5	
30	75	263	
30	78	1509	
30	82	10	
30	139	590	
30	140	1511	
30	704	1	
30	705	1	
30	264	1	
30	319	50	
30	138	11	
30	52	114	
30	52	115	
30	289	1	
30	289	10	
30	345	3004	
30	346	20	
30	347	1510	
30	348	1508	
30	349	7	
30	350	1510	
30	314	501	
30	314	1098	
30	314	2206	
31	643	-1	
31	642	-1	
31	645	1	
31	97	1512	
31	90	1502	
31	91	1508	
31	92	10	
31	93	1679	
31	94	30	
31	74	1505	
31	76	3004	
31	80	10	
31	77	1508	
31	81	5	
31	75	1502	
31	78	1509	
31	82	10	
31	139	2473	
31	705	1	
31	319	50	
31	138	11	
31	52	59	
31	52	113	
31	289	1	
31	289	10	
31	345	3004	
31	346	20	
31	347	1510	
31	348	1508	
31	349	7	
31	350	1510	
31	271	25	
31	314	501	
31	314	2789	
31	314	2801	
31	314	2802	
31	314	2803	
31	314	3888	
32	716	128	
32	97	2984	
32	90	2985	
32	91	2990	
32	92	20	
32	93	2989	
32	94	20	
32	74	2985	
32	76	2990	
32	80	15	
32	77	2991	
32	81	10	
32	75	2986	
32	78	2993	
32	82	15	
32	294	2992	
32	294	2995	
32	295	2984	
32	295	2988	
32	295	3002	
32	692	2992	
32	692	2995	
32	693	2984	
32	693	2988	
32	693	3002	
32	303	2987	
32	705	2	
32	319	50	
32	138	11	
32	133	300	
32	52	191	
32	52	189	
32	52	190	
32	289	1	
32	289	10	
32	642	-1	
32	351	0	
32	353	28	
32	354	27	
32	139	1958	
32	140	3234	
32	141	3241	
32	345	2989	
32	346	20	
32	347	2985	
32	348	2990	
32	349	15	
32	350	2985	
32	270	79	
32	314	1561	
32	314	2747	
32	314	2748	
32	314	2749	
32	314	3086	
33	97	786	
33	90	1301	
33	91	1303	
33	92	7	
33	93	1304	
33	94	7	
33	74	1301	
33	76	1302	
33	80	10	
33	75	1299	
33	78	1303	
33	82	5	
33	79	1304	
33	83	5	
33	139	1382	
33	140	586	
33	138	12	
33	52	46	
33	705	3	
33	208	1	
33	289	1	
33	289	10	
33	642	-2	
33	708	2	
33	319	50	
33	340	1	
33	270	61	
33	345	1305	
33	346	6	
33	347	1301	
33	348	1303	
33	349	5	
33	350	1301	
33	353	16	
33	354	15	
33	271	25	
33	314	265	
33	314	605	
33	314	643	
33	314	644	
33	314	645	
33	314	1229	
33	314	2801	
34	97	3953	
34	90	3958	
34	91	3969	
34	92	8	
34	74	3954	
34	76	3962	
34	80	10	
34	75	3955	
34	78	3963	
34	82	5	
34	79	3964	
34	83	5	
34	680	3958	
34	682	3969	
34	684	5	
34	681	3959	
34	683	3969	
34	685	5	
34	683	3970	
34	685	5	
34	689	3953	
34	689	3954	
34	689	3955	
34	689	3956	
34	689	3957	
34	688	3962	
34	688	3963	
34	688	3964	
34	688	3965	
34	688	3966	
34	688	3967	
34	688	3968	
34	138	12	
34	52	236	
34	52	237	
34	52	238	
34	705	2	
34	706	-3	
34	208	1	
34	289	1	
34	289	10	
34	642	-1	
34	708	1	
34	709	2	
34	319	50	
34	270	61	
34	345	3969	
34	346	6	
34	347	3958	
34	348	3969	
34	349	5	
34	350	3958	
34	597	3965	
34	598	6	
34	599	3954	
34	594	3963	
34	595	5	
34	596	3954	
34	353	16	
34	354	15	
34	271	25	
34	314	216	
34	314	265	
34	314	605	
34	314	643	
34	314	644	
34	314	645	
34	314	1229	
34	314	2800	
34	314	2801	
34	314	3876	
40	293	1	
40	275	1	
40	719	2048	
40	289	9	
40	640	1	
40	97	1050	
40	90	2390	
40	91	2385	
40	92	25	
40	93	2382	
40	94	20	
40	95	2391	
40	96	5	
40	74	1293	
40	76	1046	
40	80	10	
40	75	1696	
40	78	1291	
40	82	10	
40	176	1046	
40	180	10	
40	171	2390	
40	173	2385	
40	177	10	
40	174	1056	
40	178	10	
40	172	2395	
40	175	2382	
40	179	10	
40	176	2386	
40	180	10	
40	705	0	
40	138	1	
40	52	72	
40	198	50	
40	738	1291	
40	738	2807	
40	738	2809	
40	739	1293	
40	739	2811	
40	739	1696	
40	739	2813	
40	345	1292	
40	346	15	
40	347	1294	
40	666	2382	
40	667	35	
40	668	1293	
40	348	2809	
40	349	10	
40	350	2811	
40	314	1232	
40	314	1233	
40	139	2806	
41	293	1	
41	275	1	
41	719	2048	
41	289	9	
41	643	1	
41	640	-1	
41	97	2370	
41	90	2372	
41	91	1041	
41	92	20	
41	93	2376	
41	94	20	
41	74	2372	
41	76	1041	
41	80	10	
41	77	2378	
41	81	10	
41	75	2392	
41	78	2372	
41	82	10	
41	79	1408	
41	83	5	
41	171	2372	
41	173	1041	
41	177	10	
41	174	2378	
41	178	10	
41	172	2392	
41	175	2378	
41	179	10	
41	176	1408	
41	180	5	
41	705	0	
41	322	3	
41	281	-1	
41	133	300	
41	138	1	
41	52	101	
41	738	2376	
41	738	2378	
41	739	2372	
41	739	1054	
41	739	1038	
41	198	50	
41	345	-1	
41	666	2378	
41	667	30	
41	668	2372	
41	348	2378	
41	349	30	
41	350	2372	
41	351	0	
41	353	30	
41	271	25	
41	314	294	
41	314	2849	
41	314	3057	
42	293	1	
42	275	1	
42	719	2048	
42	289	9	
42	643	-1	
42	645	1	
42	97	2845	
42	90	2833	
42	91	2841	
42	92	10	
42	93	2842	
42	94	15	
42	74	2831	
42	76	2828	
42	80	10	
42	77	2827	
42	81	10	
42	75	2831	
42	78	2829	
42	82	10	
42	171	2844	
42	173	2841	
42	177	10	
42	174	2840	
42	178	5	
42	172	2845	
42	175	2842	
42	179	10	
42	35	5	
42	400	20	
42	324	-2	
42	317	1	
42	701	1	
42	695	1	
42	290	1	
42	138	8	
42	321	50	
42	210	1	
42	205	1	
42	269	1	
42	288	100	
42	52	182	
42	139	2871	
42	140	2878	
42	141	2880	
42	345	2840	
42	346	20	
42	347	2845	
42	348	2841	
42	349	10	
42	350	2845	
42	663	2840	
42	664	20	
42	665	2845	
42	666	2841	
42	667	10	
42	350	2845	
42	351	2	
42	271	25	
42	738	2827	
42	738	2828	
42	738	2829	
42	738	2837	
42	739	2830	
42	739	2831	
42	739	2833	
42	739	2835	
42	314	872	
42	314	2850	
42	315	2881	
42	315	2882	
42	315	3368	
43	293	1	
43	275	1	
43	716	2048	
43	289	9	
43	97	1680	
43	90	1701	
43	91	1681	
43	92	20	
43	93	1686	
43	94	15	
43	74	1701	
43	76	1681	
43	80	10	
43	77	1686	
43	81	10	
43	75	1693	
43	78	1681	
43	82	10	
43	79	1684	
43	83	10	
43	171	1701	
43	173	1681	
43	177	10	
43	174	1686	
43	178	10	
43	172	1693	
43	175	1681	
43	179	10	
43	176	1684	
43	180	10	
43	739	1694	
43	738	1682	
43	705	0	
43	138	1	
43	52	128	
43	52	129	
43	198	50	
43	345	-1	
43	666	1682	
43	667	30	
43	668	1694	
43	348	1682	
43	349	30	
43	350	1694	
43	351	2	
43	314	109	
43	314	2853	
43	314	3640	
44	293	1	
44	275	1	
44	716	2048	
44	289	9	
44	645	1	
44	97	432	
44	90	1523	
44	91	336	
44	92	25	
44	93	1517	
44	94	25	
44	95	1515	
44	96	15	
44	74	1523	
44	76	335	
44	80	15	
44	77	1515	
44	81	10	
44	75	1527	
44	78	336	
44	82	10	
44	79	1524	
44	83	10	
44	171	1523	
44	173	335	
44	177	15	
44	174	1515	
44	178	10	
44	172	1527	
44	175	336	
44	179	10	
44	176	1524	
44	180	10	
44	705	0	
44	138	13	
44	52	116	
44	139	1691	
44	198	50	
44	738	2884	
44	739	2885	
44	665	1401	
44	663	1403	
44	664	5	
44	666	1404	
44	667	30	
44	668	1401	
44	348	336	
44	349	15	
44	348	1524	
44	349	15	
44	350	1523	
44	345	-1	
44	271	25	
44	314	546	
44	314	1402	
44	314	2855	
44	314	3098	
50	640	1	
50	97	431	
50	90	46	
50	91	201	
50	92	25	
50	93	199	
50	94	25	
50	74	46	
50	76	201	
50	80	10	
50	77	199	
50	81	10	
50	84	50	
50	85	10	
50	75	242	
50	78	14	
50	82	10	
50	138	6	
50	52	10	
50	134	300	
50	137	1	
50	289	3	
50	289	10	
50	198	50	
50	139	371	
50	140	587	
50	141	954	
50	142	2872	
50	345	50	
50	346	30	
50	347	13	
50	348	199	
50	349	15	
50	350	13	
50	314	158	
50	314	600	
50	314	602	
50	314	1230	
50	314	1343	
50	314	3053	
50	314	3203	
50	314	3205	
50	314	3208	
50	314	3209	
50	314	3368	
51	640	-1	
51	289	3	
51	37	5	
51	97	3135	
51	90	3129	
51	91	3134	
51	92	15	
51	93	3133	
51	94	15	
51	74	3129	
51	76	3133	
51	80	20	
51	77	3132	
51	81	10	
51	75	3130	
51	78	3134	
51	82	10	
51	138	2	
51	52	196	
51	52	197	
51	345	3137	
51	346	10	
51	347	3135	
51	348	3136	
51	349	2	
51	350	3135	
51	351	2	
51	354	15	
51	353	17	
51	139	3163	
51	271	25	
51	273	101	
51	314	3121	
51	314	2463	
51	314	3124	
52	716	128	
52	643	1	
52	97	430	
52	90	232	
52	91	229	
52	92	25	
52	93	228	
52	94	20	
52	74	232	
52	76	229	
52	80	10	
52	77	228	
52	81	10	
52	84	239	
52	85	10	
52	75	231	
52	78	27	
52	82	5	
52	79	707	
52	83	5	
52	294	239	
52	294	227	
52	294	228	
52	294	229	
52	294	234	
52	294	2156	
52	294	27	
52	295	430	
52	295	2118	
52	295	2158	
52	295	231	
52	149	540	
52	139	770	
52	140	614	
52	141	611	
52	388	300	
52	696	1	
52	319	50	
52	138	10	
52	52	14	
52	52	19	
52	289	3	
52	289	10	
52	345	27	
52	346	12	
52	347	231	
52	348	229	
52	349	18	
52	350	2118	
52	351	1	
52	271	25	
52	314	138	
52	314	812	
52	314	978	
52	314	979	
52	314	1343	
52	314	2783	
52	314	2961	
52	314	2977	
52	314	3650	
53	716	128	
53	643	2	
53	645	1	
53	97	714	
53	90	1534	
53	91	227	
53	92	25	
53	93	228	
53	94	25	
53	74	2311	
53	76	227	
53	80	10	
53	77	228	
53	81	10	
53	84	239	
53	85	10	
53	75	1534	
53	78	27	
53	82	5	
53	79	228	
53	83	10	
53	294	239	
53	294	227	
53	294	228	
53	294	234	
53	294	2156	
53	294	27	
53	295	430	
53	295	1534	
53	295	2311	
53	295	2312	
53	69	1	
53	25	79	
53	35	10	
53	400	40	
53	696	1	
53	695	1	
53	319	50	
53	387	300	
53	388	300	
53	308	6	
53	138	10	
53	289	3	
53	289	10	
53	273	103	
53	273	105	
53	139	861	
53	140	863	
53	345	27	
53	346	12	
53	347	2311	
53	348	234	
53	349	5	
53	350	1534	
53	351	0	
53	352	50	
53	353	10	
53	271	50	
53	314	1026	
53	314	4024	
53	314	4025	
53	314	4032	
54	716	64	
54	643	-2	
54	644	-1	
54	97	254	
54	90	260	
54	91	186	
54	92	25	
54	93	187	
54	94	25	
54	74	190	
54	76	186	
54	80	20	
54	77	187	
54	81	20	
54	75	260	
54	78	189	
54	82	20	
54	35	50	
54	324	-3	
54	36	1	
54	694	1	
54	698	1	
54	699	1	
54	290	1	
54	308	5	
54	138	8	
54	321	75	
54	493	3	
54	289	3	
54	289	7	
54	289	10	
54	210	1	
54	205	1	
54	363	1	
54	25	23	
54	156	1	
54	269	1	
54	288	100	
54	139	183	
54	140	555	
54	141	537	
54	142	2068	
54	353	13	
54	354	1	
54	345	3005	
54	346	20	
54	347	256	
54	348	187	
54	349	15	
54	350	260	
54	271	100	
54	320	5	
54	340	1	
54	661	259	
54	314	2850	
54	314	3888	
54	314	3895	
55	643	-1	
55	640	1	
55	97	426	
55	90	671	
55	91	662	
55	92	20	
55	93	663	
55	94	25	
55	74	671	
55	76	662	
55	80	10	
55	77	663	
55	81	10	
55	84	50	
55	85	10	
55	75	669	
55	78	664	
55	82	10	
55	138	2	
55	52	55	
55	52	64	
55	52	148	
55	289	3	
55	289	10	
55	198	75	
55	139	868	
55	140	977	
55	353	13	
55	354	1	
55	695	1	
55	698	1	
55	210	1	
55	345	50	
55	346	30	
55	347	671	
55	348	666	
55	349	10	
55	350	671	
55	271	25	
55	314	383	
55	314	874	
55	314	2850	
55	314	3888	
55	314	3895	
56	640	1	
56	97	426	
56	90	683	
56	91	684	
56	92	20	
56	93	685	
56	94	25	
56	74	683	
56	76	684	
56	80	10	
56	77	685	
56	81	10	
56	84	50	
56	85	10	
56	75	52	
56	78	686	
56	82	10	
56	138	2	
56	52	3	
56	52	4	
56	289	3	
56	289	7	
56	289	10	
56	198	75	
56	139	584	
56	140	505	
56	141	506	
56	149	37	
56	353	13	
56	354	1	
56	345	50	
56	346	30	
56	347	683	
56	348	688	
56	349	10	
56	350	683	
56	314	158	
56	314	874	
57	97	56	
57	90	54	
57	91	61	
57	92	25	
57	93	59	
57	94	15	
57	74	54	
57	76	61	
57	80	10	
57	77	53	
57	81	5	
57	84	1	
57	85	10	
57	75	658	
57	78	59	
57	82	10	
57	79	63	
57	83	10	
57	294	2127	
57	295	56	
57	133	300	
57	138	3	
57	52	5	
57	52	6	
57	289	2	
57	289	10	
57	139	376	
57	140	381	
57	141	582	
57	142	2481	
57	143	3236	
57	144	3239	
57	149	58	
57	345	59	
57	346	20	
57	347	54	
57	348	63	
57	349	12	
57	350	54	
57	270	30	
57	314	266	
57	314	1378	
57	314	2856	
57	314	2234	
57	314	2930	
57	314	3076	
57	314	3079	
58	644	1	
58	97	1789	
58	90	1783	
58	91	1779	
58	92	25	
58	93	1781	
58	94	25	
58	74	1783	
58	76	1779	
58	80	20	
58	77	1782	
58	81	10	
58	75	850	
58	78	1781	
58	82	10	
58	79	1787	
58	83	10	
58	690	1785	
58	690	1786	
58	690	1787	
58	690	3630	
58	690	3634	
58	691	1788	
58	691	2469	
58	138	11	
58	52	135	
58	52	225	
58	289	2	
58	289	10	
58	133	300	
58	319	50	
58	345	1779	
58	346	30	
58	347	1783	
58	348	1781	
58	349	15	
58	350	1783	
58	270	89	
58	139	1777	
58	140	1778	
58	141	1794	
58	142	1844	
58	149	1806	
58	314	266	
58	314	2856	
58	314	3076	
58	314	3693	
59	274	2	
59	203	1	
59	275	1	
59	311	15	
59	312	15	
59	372	15	
59	97	1448	
59	90	1445	
59	91	1447	
59	92	20	
59	93	1355	
59	94	15	
59	74	1445	
59	76	1447	
59	80	10	
59	77	1355	
59	81	10	
59	75	1475	
59	78	1472	
59	82	10	
59	79	1497	
59	83	5	
59	171	1638	
59	173	1489	
59	177	15	
59	172	1638	
59	175	1489	
59	179	15	
59	186	1638	
59	187	1636	
59	302	1489	
59	302	1472	
59	303	1471	
59	138	31	
59	52	110	
59	52	111	
59	52	166	
59	289	10	
59	198	50	
59	329	1	
59	270	81	
59	270	44	
59	43	10	
59	139	1846	
59	140	1847	
59	141	1848	
59	345	2189	
59	346	6	
59	347	1471	
59	663	1636	
59	664	20	
59	665	1638	
59	348	2507	
59	349	12	
59	350	1471	
59	666	1636	
59	667	18	
59	668	1638	
59	314	1590	
59	314	2503	
59	314	2791	
59	314	2955	
59	314	3639	
60	645	-1	
60	641	1	
60	97	1591	
60	90	114	
60	91	67	
60	92	12	
60	93	79	
60	94	12	
60	74	114	
60	76	67	
60	80	5	
60	77	417	
60	81	10	
60	75	1974	
60	78	79	
60	82	10	
60	136	25	
60	138	4	
60	52	7	
60	52	8	
60	289	1	
60	289	2	
60	289	10	
60	198	75	
60	139	507	
60	140	377	
60	141	378	
60	345	417	
60	346	12	
60	347	748	
60	348	79	
60	349	12	
60	350	114	
60	270	30	
60	353	4	
60	314	550	
60	314	1230	
60	314	1340	
61	640	1	
61	97	2107	
61	90	148	
61	91	221	
61	92	20	
61	93	218	
61	94	15	
61	74	148	
61	76	221	
61	80	10	
61	77	218	
61	81	10	
61	75	440	
61	78	220	
61	82	10	
61	79	219	
61	83	10	
61	41	1	
61	319	75	
61	329	3	
61	662	1	
61	138	9	
61	52	13	
61	52	192	
61	289	2	
61	289	3	
61	289	10	
61	139	583	
61	140	588	
61	141	589	
61	142	2235	
61	345	218	
61	346	16	
61	347	3010	
61	348	220	
61	349	15	
61	350	149	
61	270	30	
61	361	1	
61	353	4	
61	314	215	
61	314	216	
61	314	607	
61	314	2787	
61	314	3079	
61	314	3080	
61	314	3082	
61	314	3416	
62	640	-1	
62	97	3589	
62	90	3614	
62	91	3607	
62	92	15	
62	93	3608	
62	94	15	
62	74	3614	
62	76	3607	
62	80	10	
62	77	3608	
62	81	10	
62	75	3618	
62	78	3609	
62	82	10	
62	79	3610	
62	83	10	
62	302	3587	
62	302	3588	
62	302	3633	
62	303	3589	
62	303	3590	
62	295	3622	
62	704	1	
62	138	9	
62	52	222	
62	52	223	
62	52	224	
62	289	2	
62	289	3	
62	289	10	
62	345	3607	
62	346	16	
62	347	3614	
62	348	3608	
62	349	12	
62	350	3614	
62	270	30	
62	361	1	
62	353	3	
62	314	216	
62	314	606	
62	314	607	
62	314	656	
62	314	978	
62	314	2787	
62	314	3081	
62	314	3082	
62	314	3416	
62	314	3632	
62	314	3894	
63	642	2	
63	643	-1	
63	707	2	
63	274	1	
63	311	15	
63	312	15	
63	372	15	
63	716	64	
63	97	429	
63	90	119	
63	91	81	
63	92	10	
63	93	82	
63	94	10	
63	74	119	
63	76	372	
63	80	10	
63	77	983	
63	81	10	
63	75	85	
63	78	81	
63	82	10	
63	704	1	
63	705	-3	
63	208	1	
63	200	1	
63	329	1	
63	650	1	
63	138	0	
63	52	1	
63	52	121	
63	170	1	
63	359	1	
63	360	1	
63	289	7	
63	289	10	
63	139	581	
63	140	867	
63	141	539	
63	271	25	
63	345	3006	
63	346	12	
63	347	85	
63	348	83	
63	349	8	
63	350	119	
63	314	120	
63	314	216	
63	314	486	
63	314	1025	
63	314	2792	
64	642	1	
64	643	-1	
64	97	2010	
64	90	2009	
64	91	2005	
64	92	12	
64	93	2007	
64	94	6	
64	74	2009	
64	76	2005	
64	80	4	
64	77	2007	
64	81	3	
64	75	2009	
64	78	2061	
64	82	5	
64	139	2047	
64	140	2048	
64	141	2049	
64	705	-2	
64	319	75	
64	138	29	
64	52	144	
64	52	145	
64	289	5	
64	289	10	
64	345	2061	
64	346	4	
64	345	2003	
64	346	12	
64	347	2009	
64	348	2007	
64	349	4	
64	350	2009	
64	353	17	
64	354	15	
64	314	1025	
64	314	2082	
65	716	64	
65	403	1	
65	642	1	
65	645	1	
65	97	3347	
65	90	3337	
65	91	3335	
65	92	8	
65	93	3332	
65	94	20	
65	74	3337	
65	76	3356	
65	80	10	
65	77	3332	
65	81	15	
65	75	3334	
65	78	3335	
65	82	5	
65	79	3336	
65	83	5	
65	139	3385	
65	149	3474	
65	705	-2	
65	319	75	
65	393	300	
65	138	33	
65	52	209	
65	52	210	
65	52	211	
65	289	5	
65	289	7	
65	289	10	
65	345	3336	
65	346	4	
65	345	3332	
65	346	12	
65	347	3337	
65	348	3338	
65	349	15	
65	350	3337	
65	353	17	
65	354	15	
65	314	387	
65	314	2785	
65	314	3328	
65	314	3329	
65	314	3330	
65	314	3331	
65	314	3345	
65	314	3346	
65	314	3369	
65	314	3370	
65	314	3384	
65	314	3386	
65	314	3387	
65	314	3388	
66	642	1	
66	640	1	
66	275	1	
66	97	2934	
66	90	2942	
66	91	2939	
66	92	15	
66	93	2935	
66	94	8	
66	74	2942	
66	76	2936	
66	80	10	
66	77	2935	
66	81	5	
66	75	2943	
66	78	2939	
66	82	10	
66	171	3093	
66	173	3089	
66	177	8	
66	172	3094	
66	175	3090	
66	179	8	
66	186	3093	
66	186	3094	
66	186	3092	
66	186	3091	
66	187	3089	
66	187	3090	
66	139	2433	
66	140	2965	
66	705	-1	
66	268	1	
66	289	5	
66	289	10	
66	138	28	
66	133	900	
66	52	186	
66	52	187	
66	52	188	
66	345	2935	
66	346	12	
66	347	2942	
66	663	3090	
66	664	10	
66	665	3091	
66	348	2936	
66	349	10	
66	350	2942	
66	666	3090	
66	667	10	
66	668	3093	
66	351	2	
66	354	11	
66	353	13	
66	314	606	
66	314	661	
66	314	1374	
66	314	2137	
66	314	2435	
66	314	2436	
66	314	2437	
66	314	2960	
66	314	3190	
66	314	3191	
66	314	3344	
67	645	1	
67	640	-1	
67	642	1	
67	42	-2	
67	403	1	
67	370	1	
67	23	32	
67	371	3	
67	97	3284	
67	90	3287	
67	91	3282	
67	92	12	
67	93	3283	
67	94	12	
67	74	3287	
67	76	3282	
67	80	10	
67	77	3283	
67	81	5	
67	75	3284	
67	78	3280	
67	82	10	
67	428	3312	
67	430	3310	
67	432	10	
67	430	3359	
67	432	10	
67	429	3284	
67	431	3311	
67	433	5	
67	434	3362	
67	436	3302	
67	438	10	
67	436	3303	
67	438	10	
67	436	3304	
67	438	10	
67	435	3284	
67	437	3305	
67	439	20	
67	452	3326	
67	454	3324	
67	456	5	
67	454	3307	
67	456	20	
67	453	3284	
67	455	3325	
67	457	5	
67	455	3319	
67	457	10	
67	464	3290	
67	466	3320	
67	468	3	
67	465	3321	
67	467	3320	
67	469	3	
67	440	3284	
67	442	3298	
67	444	6	
67	442	3299	
67	444	4	
67	441	3284	
67	443	3299	
67	445	10	
67	602	3284	
67	600	3359	
67	601	20	
67	605	3284	
67	603	3303	
67	604	40	
67	614	3284	
67	612	3323	
67	613	20	
67	620	3284	
67	618	3320	
67	619	1	
67	608	3284	
67	606	3298	
67	607	10	
67	802	3312	
67	800	3310	
67	801	10	
67	805	3362	
67	803	3304	
67	804	20	
67	814	3326	
67	812	3324	
67	813	10	
67	820	3290	
67	818	3320	
67	819	2	
67	808	3300	
67	806	3299	
67	807	5	
67	404	3359	
67	404	3310	
67	404	3311	
67	405	3312	
67	405	3314	
67	406	3302	
67	406	3303	
67	406	3304	
67	406	3305	
67	407	3306	
67	407	3322	
67	408	3298	
67	408	3299	
67	408	3315	
67	408	3316	
67	409	3300	
67	409	3301	
67	409	3317	
67	409	3318	
67	409	3290	
67	409	3291	
67	412	3323	
67	412	3324	
67	412	3325	
67	412	3307	
67	412	3319	
67	412	3308	
67	413	3379	
67	413	3326	
67	416	3320	
67	417	3321	
67	353	13	
67	427	1	
67	133	300	
67	139	3378	
67	140	3380	
67	705	-1	
67	138	16	
67	52	205	
67	52	206	
67	52	207	
67	52	208	
67	289	8	
67	289	7	
67	289	10	
67	198	75	
67	319	25	
67	329	2	
67	270	77	
67	345	3283	
67	346	20	
67	347	3287	
67	348	3282	
67	349	10	
67	350	3287	
67	314	158	
67	314	215	
67	314	472	
67	314	608	
67	314	1025	
67	314	2463	
67	314	2787	
67	314	2958	
68	716	128	
68	642	1	
68	640	1	
68	97	1119	
68	90	1135	
68	91	1120	
68	92	30	
68	93	1125	
68	94	30	
68	74	1127	
68	76	1118	
68	80	20	
68	77	1122	
68	81	10	
68	84	1121	
68	85	10	
68	75	1135	
68	78	1133	
68	82	10	
68	294	1118	
68	294	1120	
68	294	1121	
68	294	1122	
68	295	1127	
68	139	2270	
68	705	-2	
68	138	16	
68	52	78	
68	289	8	
68	289	10	
68	198	75	
68	319	25	
68	270	77	
68	345	1131	
68	346	4	
68	345	1123	
68	346	12	
68	345	1120	
68	346	8	
68	345	1118	
68	346	8	
68	347	1135	
68	348	1133	
68	349	10	
68	350	1135	
68	314	1344	
68	314	2202	
68	314	2466	
68	314	2549	
68	314	2959	
68	314	3661	
68	314	3926	
69	644	-1	
69	640	1	
69	97	813	
69	90	792	
69	91	794	
69	92	25	
69	93	797	
69	94	25	
69	74	805	
69	76	794	
69	80	10	
69	77	796	
69	81	10	
69	84	797	
69	85	10	
69	75	807	
69	78	1900	
69	82	10	
69	138	15	
69	52	51	
69	52	50	
69	289	4	
69	289	10	
69	139	942	
69	140	943	
69	141	944	
69	353	13	
69	354	11	
69	345	802	
69	346	12	
69	347	805	
69	348	1900	
69	349	12	
69	350	792	
69	220	794	
69	221	6	
69	222	801	
69	223	5	
69	314	905	
69	314	1345	
69	314	2457	
69	314	2556	
69	314	3060	
69	314	3088	
69	314	3928	
69	314	3929	
69	314	3931	
69	314	3932	
70	716	8388736	
70	645	1	
70	640	-1	
70	275	1	
70	97	1963	
70	90	1398	
70	91	1393	
70	92	35	
70	93	1390	
70	94	20	
70	95	1395	
70	96	15	
70	74	1398	
70	76	1393	
70	80	10	
70	77	1390	
70	81	10	
70	84	1395	
70	85	10	
70	75	1398	
70	78	1399	
70	82	10	
70	186	1531	
70	187	1550	
70	298	1393	
70	298	1394	
70	298	1395	
70	299	1963	
70	299	2467	
70	299	1608	
70	311	15	
70	312	15	
70	372	15	
70	138	15	
70	52	106	
70	289	4	
70	289	10	
70	198	50	
70	270	85	
70	270	86	
70	270	87	
70	139	1670	
70	140	3246	
70	141	3247	
70	142	3249	
70	345	1397	
70	346	8	
70	345	1391	
70	346	12	
70	347	1398	
70	663	1550	
70	664	14	
70	665	1531	
70	348	1396	
70	349	7	
70	350	1398	
70	666	1550	
70	667	8	
70	668	1531	
70	351	1	
70	314	1428	
70	314	3073	
70	314	3074	
70	314	3651	
71	716	8388624	
71	642	-1	
71	708	1	
71	97	484	
71	90	418	
71	91	131	
71	92	25	
71	93	128	
71	94	20	
71	74	418	
71	76	129	
71	80	10	
71	77	128	
71	81	10	
71	75	204	
71	78	420	
71	82	10	
71	79	128	
71	83	10	
71	139	556	
71	140	557	
71	705	3	
71	313	2562	
71	340	1	
71	138	7	
71	52	11	
71	52	18	
71	289	8	
71	289	5	
71	289	10	
71	345	128	
71	346	20	
71	347	418	
71	348	420	
71	349	15	
71	350	2575	
71	353	23	
71	354	20	
71	314	265	
71	314	509	
71	314	2552	
71	314	2578	
72	642	-1	
72	643	-1	
72	640	1	
72	716	8388624	
72	719	64	
72	97	2666	
72	90	2647	
72	91	2646	
72	92	30	
72	93	2652	
72	94	20	
72	74	2647	
72	76	2646	
72	80	10	
72	77	2652	
72	81	10	
72	84	2648	
72	85	10	
72	75	2660	
72	78	2709	
72	82	20	
72	79	2701	
72	83	10	
72	298	2643	
72	298	2644	
72	298	2645	
72	298	2646	
72	299	2647	
72	299	2664	
72	299	2665	
72	691	2664	
72	691	2665	
72	138	14	
72	52	172	
72	52	173	
72	289	10	
72	705	1	
72	270	34	
72	139	2712	
72	140	2713	
72	210	1	
72	695	1	
72	700	1	
72	319	25	
72	345	2652	
72	346	20	
72	347	2654	
72	348	2644	
72	349	20	
72	350	2647	
72	351	1	
72	314	2685	
72	314	2686	
72	314	2693	
72	314	2695	
72	314	2696	
72	314	2698	
72	314	2699	
72	314	2737	
72	314	3394	
73	642	1	
73	97	729	
73	90	730	
73	91	721	
73	92	30	
73	93	1545	
73	94	25	
73	74	730	
73	76	721	
73	80	20	
73	77	722	
73	81	10	
73	75	1189	
73	78	726	
73	82	10	
73	79	1547	
73	83	10	
73	139	933	
73	140	1884	
73	141	1886	
73	705	-1	
73	319	75	
73	329	3	
73	138	14	
73	52	89	
73	52	90	
73	52	88	
73	52	87	
73	289	6	
73	289	10	
73	345	721	
73	346	30	
73	347	730	
73	348	1547	
73	349	18	
73	350	730	
73	270	82	
73	351	1	
73	353	12	
73	354	11	
73	314	1897	
73	314	2443	
74	641	-1	
74	642	1	
74	275	1	
74	379	1	
74	274	1	
74	311	10	
74	312	10	
74	372	10	
74	716	128	
74	717	32	
74	97	2732	
74	90	2715	
74	91	2722	
74	92	20	
74	93	2726	
74	94	25	
74	74	2715	
74	76	2723	
74	80	10	
74	77	2726	
74	81	10	
74	75	2733	
74	78	2734	
74	82	20	
74	171	2715	
74	173	2887	
74	177	10	
74	174	2888	
74	178	5	
74	172	2717	
74	175	2888	
74	179	10	
74	294	2727	
74	294	2734	
74	294	2735	
74	295	2720	
74	295	2728	
74	295	2733	
74	295	2682	
74	692	2727	
74	692	2734	
74	692	2735	
74	693	2720	
74	693	2728	
74	693	2733	
74	693	2682	
74	302	2734	
74	302	2735	
74	303	2733	
74	303	2682	
74	303	2719	
74	720	2734	
74	720	2735	
74	721	2733	
74	721	2682	
74	721	2719	
74	186	2715	
74	186	2717	
74	186	2716	
74	187	2887	
74	187	2888	
74	139	3260	
74	140	3261	
74	705	-1	
74	208	1	
74	319	25	
74	138	14	
74	52	177	
74	52	178	
74	52	179	
74	289	6	
74	289	10	
74	345	2722	
74	346	30	
74	347	2715	
74	663	2887	
74	664	20	
74	665	2715	
74	348	2725	
74	349	15	
74	350	2715	
74	666	2888	
74	667	15	
74	668	2715	
74	270	93	
74	351	1	
74	314	603	
74	314	604	
74	314	2755	
74	314	2756	
75	716	32	
75	379	1	
75	642	1	
75	97	502	
75	90	163	
75	91	167	
75	92	25	
75	93	166	
75	94	15	
75	74	163	
75	76	168	
75	80	10	
75	77	166	
75	81	20	
75	75	162	
75	78	171	
75	82	10	
75	79	166	
75	83	10	
75	139	379	
75	140	585	
75	141	635	
75	142	2272	
75	143	2394	
75	59	1	
75	705	-2	
75	500	3	
75	138	5	
75	52	62	
75	52	12	
75	289	7	
75	289	10	
75	198	75	
75	345	503	
75	346	8	
75	347	163	
75	348	166	
75	349	15	
75	350	162	
75	314	266	
75	314	320	
75	314	1349	
75	314	2445	
75	314	2793	
75	314	2799	
76	642	1	
76	97	2288	
76	90	883	
76	91	879	
76	92	25	
76	93	880	
76	94	25	
76	74	881	
76	76	878	
76	80	30	
76	77	880	
76	81	10	
76	75	883	
76	78	882	
76	82	10	
76	294	3097	
76	295	892	
76	692	3097	
76	705	-2	
76	138	16	
76	52	60	
76	52	61	
76	289	7	
76	289	10	
76	198	50	
76	139	952	
76	140	953	
76	141	946	
76	142	1426	
76	143	1706	
76	345	879	
76	346	30	
76	347	883	
76	348	882	
76	349	10	
76	350	883	
76	314	216	
76	314	957	
76	314	1025	
76	314	1346	
76	314	2207	
76	314	2792	
76	314	2793	
76	314	3651	
76	314	3654	
76	314	3655	
77	645	1	
77	641	1	
77	289	3	
77	289	7	
77	289	10	
77	380	1	
77	381	1	
77	264	1	
77	267	10	
77	739	3152	
77	97	3153	
77	90	3154	
77	91	3145	
77	92	25	
77	93	3144	
77	94	15	
77	74	3154	
77	76	3143	
77	80	20	
77	77	3144	
77	81	10	
77	75	3151	
77	78	3146	
77	82	10	
77	138	2	
77	52	198	
77	52	199	
77	52	200	
77	385	201	
77	705	-1	
77	345	3144	
77	346	20	
77	347	3154	
77	348	3146	
77	349	15	
77	350	3154	
77	351	2	
77	353	13	
77	139	3173	
77	140	3174	
77	314	961	
77	314	1231	
77	314	1348	
77	314	2851	
77	314	3124	
78	97	426	
78	90	422	
78	91	142	
78	92	15	
78	93	143	
78	94	15	
78	74	422	
78	76	142	
78	80	15	
78	77	143	
78	81	10	
78	75	263	
78	78	144	
78	82	15	
78	139	544	
78	140	590	
78	704	1	
78	705	1	
78	264	1	
78	319	50	
78	138	11	
78	52	35	
78	52	15	
78	289	1	
78	289	10	
78	345	142	
78	346	12	
78	347	422	
78	348	143	
78	349	15	
78	350	422	
78	314	501	
78	314	1098	
78	314	2206	
79	642	-1	
79	97	2353	
79	90	2354	
79	91	2344	
79	92	20	
79	93	2343	
79	94	15	
79	74	2354	
79	76	2344	
79	80	15	
79	77	2343	
79	81	10	
79	75	2356	
79	78	2346	
79	82	15	
79	295	1939	
79	295	1938	
79	139	3257	
79	140	1958	
79	141	3259	
79	704	1	
79	705	2	
79	319	25	
79	138	11	
79	52	155	
79	52	156	
79	289	1	
79	289	10	
79	345	2343	
79	346	20	
79	347	2354	
79	348	2344	
79	349	15	
79	350	2354	
79	314	1561	
79	314	3086	
80	642	-1	
80	708	1	
80	97	786	
80	90	437	
80	91	276	
80	92	6	
80	93	278	
80	94	6	
80	74	437	
80	76	277	
80	80	10	
80	75	274	
80	78	276	
80	82	10	
80	294	541	
80	294	282	
80	294	1085	
80	294	3423	
80	295	283	
80	295	913	
80	139	1382	
80	140	586	
80	141	508	
80	142	3424	
80	138	12	
80	52	16	
80	52	212	
80	705	2	
80	208	1	
80	289	1	
80	289	10	
80	198	50	
80	340	1	
80	270	66	
80	345	300	
80	346	6	
80	347	437	
80	348	278	
80	349	5	
80	350	437	
80	353	17	
80	354	15	
80	314	265	
80	314	500	
80	314	643	
80	314	644	
80	314	645	
80	314	1229	
80	314	2801	
81	642	-1	
81	640	-1	
81	97	3672	
81	90	3671	
81	91	3674	
81	92	20	
81	93	3673	
81	94	20	
81	74	3671	
81	76	3674	
81	80	15	
81	77	3673	
81	81	10	
81	75	3679	
81	78	3676	
81	82	15	
81	139	3881	
81	140	3883	
81	141	3885	
81	704	1	
81	705	2	
81	319	25	
81	138	11	
81	133	300	
81	52	226	
81	137	1	
81	289	1	
81	289	10	
81	345	3673	
81	346	20	
81	347	3671	
81	348	3676	
81	349	12	
81	350	3682	
81	314	401	
81	314	1229	
81	314	1561	
81	314	2789	
81	314	2801	
81	314	3086	
85	645	1	
85	644	1	
85	293	1	
85	275	1	
85	719	2048	
85	289	9	
85	97	2912	
85	90	2913	
85	91	2908	
85	92	15	
85	93	2923	
85	94	15	
85	74	2900	
85	76	2897	
85	80	10	
85	77	2898	
85	81	10	
85	75	2917	
85	78	2908	
85	82	10	
85	79	2898	
85	83	10	
85	171	2913	
85	173	2907	
85	177	10	
85	174	2923	
85	178	10	
85	172	2917	
85	175	2909	
85	179	10	
85	176	2908	
85	180	10	
85	705	0	
85	138	9	
85	52	185	
85	139	2924	
85	140	2926	
85	353	8	
85	270	97	
85	738	2897	
85	738	2898	
85	738	2899	
85	739	2900	
85	739	2928	
85	739	2901	
85	663	2923	
85	664	20	
85	665	2913	
85	666	2923	
85	667	12	
85	668	2913	
85	314	2848	
85	314	2856	
85	314	2922	
86	640	1	
86	641	1	
86	293	1	
86	275	1	
86	719	2048	
86	289	9	
86	97	1050	
86	90	1069	
86	91	1056	
86	92	25	
86	93	1057	
86	94	15	
86	74	2826	
86	76	1046	
86	80	10	
86	77	2822	
86	81	5	
86	75	1696	
86	78	2822	
86	82	10	
86	176	1046	
86	180	10	
86	171	1069	
86	173	1056	
86	177	10	
86	174	1056	
86	178	10	
86	172	1061	
86	175	1057	
86	179	10	
86	176	1046	
86	180	10	
86	705	0	
86	138	1	
86	52	160	
86	198	50	
86	738	2821	
86	738	2869	
86	739	2825	
86	739	1696	
86	739	2867	
86	663	1057	
86	664	20	
86	665	1069	
86	666	1057	
86	667	15	
86	668	1069	
86	314	1232	
86	314	1233	
87	643	1	
87	640	-1	
87	293	1	
87	275	1	
87	719	2048	
87	289	9	
87	97	2370	
87	90	2372	
87	91	2404	
87	92	25	
87	93	2408	
87	94	15	
87	74	2372	
87	76	2404	
87	80	15	
87	77	2408	
87	81	10	
87	75	2411	
87	78	1409	
87	82	5	
87	79	2408	
87	83	5	
87	171	2372	
87	173	2406	
87	177	15	
87	174	2408	
87	178	10	
87	172	2410	
87	175	1408	
87	179	5	
87	176	1043	
87	180	5	
87	705	0	
87	322	2	
87	281	-1	
87	133	300	
87	138	1	
87	52	162	
87	198	50	
87	738	2406	
87	738	2408	
87	739	2372	
87	739	1054	
87	739	1038	
87	351	1	
87	353	30	
87	663	2408	
87	664	20	
87	665	2372	
87	666	2408	
87	667	20	
87	668	2372	
87	314	294	
87	314	2849	
87	314	3057	
88	641	1	
88	293	1	
88	275	1	
88	289	9	
88	97	432	
88	90	207	
88	91	111	
88	92	20	
88	93	107	
88	94	15	
88	74	441	
88	76	110	
88	80	10	
88	77	107	
88	81	10	
88	75	112	
88	78	111	
88	82	10	
88	79	208	
88	83	10	
88	171	441	
88	173	110	
88	177	10	
88	174	107	
88	178	10	
88	172	112	
88	175	111	
88	179	10	
88	176	208	
88	180	10	
88	705	0	
88	138	1	
88	52	2	
88	139	373	
88	140	558	
88	198	50	
88	738	107	
88	738	2860	
88	739	207	
88	739	102	
88	739	2859	
88	663	1621	
88	664	20	
88	665	207	
88	666	2862	
88	667	8	
88	668	441	
88	314	109	
88	314	873	
88	314	2853	
88	314	3058	
89	645	1	
89	293	1	
89	157	1	
89	275	1	
89	716	2048	
89	289	9	
89	97	432	
89	90	445	
89	91	337	
89	92	40	
89	93	1619	
89	94	15	
89	74	445	
89	76	337	
89	80	20	
89	77	335	
89	81	10	
89	75	333	
89	78	336	
89	82	10	
89	79	425	
89	83	5	
89	171	445	
89	173	337	
89	177	20	
89	174	335	
89	178	10	
89	172	333	
89	175	336	
89	179	10	
89	176	425	
89	180	5	
89	705	0	
89	138	13	
89	52	17	
89	52	45	
89	139	560	
89	140	660	
89	141	622	
89	739	443	
89	739	2470	
89	738	970	
89	738	971	
89	663	407	
89	664	4	
89	665	445	
89	666	1524	
89	667	18	
89	668	444	
89	271	25	
89	314	546	
89	314	652	
89	314	2855	
89	314	3054	
89	314	3396	
95	640	1	
95	97	431	
95	90	1552	
95	91	201	
95	92	20	
95	93	1551	
95	94	15	
95	74	1552	
95	76	201	
95	80	10	
95	77	1551	
95	81	10	
95	84	50	
95	85	10	
95	75	242	
95	78	14	
95	82	10	
95	138	6	
95	660	1	
95	52	122	
95	52	123	
95	52	124	
95	134	300	
95	137	1	
95	289	5	
95	289	3	
95	289	10	
95	198	75	
95	386	1	
95	139	587	
95	140	954	
95	141	1089	
95	345	50	
95	346	30	
95	347	1552	
95	348	1551	
95	349	12	
95	350	1552	
95	314	158	
95	314	600	
95	314	602	
95	314	1343	
95	314	3053	
95	314	3203	
95	314	3205	
95	314	3208	
95	314	3209	
95	314	3368	
96	640	-1	
96	289	3	
96	37	5	
96	97	3218	
96	90	3217	
96	91	3213	
96	92	20	
96	93	3211	
96	94	20	
96	74	3217	
96	76	3213	
96	80	10	
96	77	3211	
96	81	10	
96	75	3223	
96	78	3212	
96	82	10	
96	138	2	
96	52	203	
96	52	204	
96	345	3212	
96	346	10	
96	347	3217	
96	348	3213	
96	349	20	
96	350	3217	
96	351	3	
96	353	18	
96	271	25	
96	139	3231	
96	273	101	
96	314	3121	
96	314	2463	
96	314	3124	
97	716	128	
97	97	430	
97	90	699	
97	91	229	
97	92	25	
97	93	228	
97	94	20	
97	74	699	
97	76	229	
97	80	10	
97	77	697	
97	81	5	
97	84	239	
97	85	10	
97	75	701	
97	78	228	
97	82	10	
97	79	698	
97	83	5	
97	696	1	
97	149	540	
97	139	770	
97	140	614	
97	141	611	
97	133	300	
97	138	10	
97	52	49	
97	289	3	
97	289	10	
97	345	2478	
97	346	16	
97	347	2154	
97	348	697	
97	349	10	
97	350	2154	
97	351	2	
97	314	138	
97	314	979	
97	314	1343	
97	314	2783	
97	314	2977	
97	314	3650	
98	640	1	
98	97	426	
98	90	1869	
98	91	1867	
98	92	25	
98	74	1869	
98	76	1862	
98	80	10	
98	77	1863	
98	81	10	
98	84	1864	
98	85	5	
98	75	1872	
98	78	1864	
98	82	10	
98	138	2	
98	52	138	
98	52	139	
98	52	43	
98	289	3	
98	289	7	
98	289	10	
98	319	25	
98	1010	10	
98	139	865	
98	140	866	
98	149	37	
98	345	50	
98	346	30	
98	347	1869	
98	348	1863	
98	349	20	
98	350	1869	
98	314	266	
98	314	387	
98	314	654	
98	314	874	
98	314	1342	
98	314	1371	
98	314	2799	
98	314	3208	
98	314	3209	
99	645	1	
99	643	-2	
99	716	64	
99	97	2334	
99	90	678	
99	91	672	
99	92	10	
99	93	673	
99	94	10	
99	74	2333	
99	76	672	
99	80	10	
99	77	673	
99	81	10	
99	75	681	
99	78	2336	
99	82	10	
99	35	30	
99	324	-2	
99	287	1	
99	702	1	
99	694	1	
99	290	1	
99	308	5	
99	138	8	
99	321	75	
99	493	3	
99	210	1	
99	205	1	
99	269	1	
99	288	100	
99	340	1	
99	273	105	
99	661	679	
99	25	157	
99	156	1	
99	289	3	
99	289	10	
99	139	183	
99	140	945	
99	271	100	
99	351	2	
99	353	13	
99	354	1	
99	345	672	
99	346	12	
99	347	678	
99	348	673	
99	349	10	
99	350	678	
99	314	872	
99	314	2850	
99	314	3895	
100	645	-1	
100	97	56	
100	90	54	
100	91	62	
100	92	30	
100	93	2455	
100	94	15	
100	74	54	
100	76	61	
100	80	10	
100	77	62	
100	81	5	
100	84	2453	
100	85	10	
100	75	1645	
100	78	2455	
100	82	10	
100	79	1642	
100	83	10	
100	138	3	
100	52	127	
100	52	218	
100	289	2	
100	289	10	
100	139	376	
100	140	3254	
100	353	19	
100	364	1	
100	345	1642	
100	346	16	
100	347	1644	
100	348	62	
100	349	15	
100	350	1644	
100	314	3059	
101	640	-1	
101	645	1	
101	97	1018	
101	90	1016	
101	91	1013	
101	92	12	
101	93	1015	
101	94	12	
101	74	1016	
101	76	1013	
101	80	10	
101	77	482	
101	81	15	
101	75	739	
101	78	1014	
101	82	10	
101	136	25	
101	138	4	
101	52	29	
101	52	42	
101	52	44	
101	289	1	
101	289	2	
101	289	10	
101	139	1021	
101	140	1024	
101	141	3125	
101	142	3126	
101	345	1017	
101	346	12	
101	347	1016	
101	348	1014	
101	349	15	
101	350	1016	
101	314	656	
101	314	862	
102	203	1	
102	643	-1	
102	641	1	
102	274	2	
102	311	10	
102	312	10	
102	372	10	
102	97	1448	
102	90	1445	
102	91	1447	
102	92	20	
102	93	1355	
102	94	15	
102	74	1445	
102	76	1447	
102	80	10	
102	77	1355	
102	81	10	
102	75	1446	
102	78	1354	
102	82	20	
102	233	1352	
102	234	10	
102	138	32	
102	52	107	
102	52	108	
102	289	10	
102	139	2530	
102	345	1675	
102	346	16	
102	347	1445	
102	348	1352	
102	349	10	
102	350	1446	
102	270	81	
102	270	44	
102	314	550	
102	314	1581	
102	314	2503	
102	314	2955	
102	314	3888	
103	641	1	
103	640	1	
103	185	1	
103	739	1032	
103	97	2107	
103	90	1029	
103	91	2109	
103	92	15	
103	93	2108	
103	94	20	
103	95	2110	
103	96	15	
103	74	1029	
103	76	2109	
103	80	15	
103	77	2108	
103	81	10	
103	75	1031	
103	78	2111	
103	82	10	
103	79	2110	
103	83	10	
103	41	1	
103	704	1	
103	208	1	
103	264	1	
103	319	75	
103	138	9	
103	52	70	
103	52	71	
103	52	232	
103	289	3	
103	289	6	
103	289	2	
103	289	10	
103	361	1	
103	139	583	
103	140	588	
103	141	589	
103	329	3	
103	345	2108	
103	346	16	
103	347	2116	
103	348	2111	
103	349	15	
103	350	2198	
103	353	19	
103	314	215	
103	314	216	
103	314	607	
103	314	2787	
103	314	3079	
103	314	3081	
103	314	3082	
103	314	3416	
104	642	1	
104	643	-1	
104	707	1	
104	274	1	
104	716	64	
104	97	1091	
104	90	992	
104	91	984	
104	92	25	
104	93	985	
104	94	15	
104	74	992	
104	76	984	
104	80	10	
104	77	985	
104	81	10	
104	75	1091	
104	78	1090	
104	82	15	
104	704	1	
104	705	-2	
104	208	1	
104	200	1	
104	650	1	
104	138	0	
104	52	38	
104	52	76	
104	52	39	
104	170	1	
104	359	1	
104	360	1	
104	289	7	
104	289	10	
104	139	581	
104	140	867	
104	141	1968	
104	345	1090	
104	346	12	
104	347	991	
104	348	986	
104	349	12	
104	350	992	
104	314	120	
104	314	216	
104	314	486	
104	314	1025	
104	314	2792	
105	640	-1	
105	716	8388688	
105	97	2595	
105	90	2597	
105	91	2580	
105	92	15	
105	93	2581	
105	94	10	
105	74	2596	
105	76	2579	
105	80	20	
105	77	2580	
105	81	20	
105	75	2588	
105	78	2589	
105	82	10	
105	79	2581	
105	83	10	
105	139	2639	
105	309	1	
105	313	2562	
105	319	25	
105	270	43	
105	138	27	
105	133	1200	
105	308	0	
105	52	170	
105	52	171	
105	289	8	
105	289	5	
105	289	10	
105	345	2589	
105	346	20	
105	347	2596	
105	348	2581	
105	349	10	
105	350	2597	
105	314	486	
105	314	509	
105	314	2608	
105	314	2610	
105	314	2611	
105	314	2627	
105	314	2788	
106	642	-1	
106	716	8388624	
106	97	2595	
106	90	418	
106	91	2594	
106	92	25	
106	93	2574	
106	94	15	
106	74	418	
106	76	2571	
106	80	10	
106	77	2594	
106	81	10	
106	75	951	
106	78	420	
106	82	10	
106	79	2574	
106	83	10	
106	139	556	
106	140	557	
106	705	1	
106	340	1	
106	270	43	
106	138	7	
106	52	40	
106	52	41	
106	289	8	
106	289	5	
106	289	10	
106	345	2593	
106	346	20	
106	347	418	
106	348	2573	
106	349	15	
106	350	418	
106	314	509	
106	314	2552	
106	314	2789	
107	642	1	
107	97	1995	
107	90	2002	
107	91	1993	
107	92	25	
107	93	1992	
107	94	15	
107	74	2002	
107	76	1993	
107	80	10	
107	77	1992	
107	81	10	
107	75	1984	
107	78	1989	
107	82	10	
107	139	2070	
107	149	1985	
107	705	-1	
107	704	1	
107	133	1200	
107	208	1	
107	319	25	
107	138	29	
107	52	142	
107	52	143	
107	289	5	
107	289	10	
107	345	1994	
107	346	20	
107	347	2002	
107	348	1992	
107	349	12	
107	350	2002	
107	353	18	
107	354	15	
107	314	120	
107	314	1025	
107	314	2082	
107	314	2462	
108	642	1	
108	640	1	
108	716	128	
108	97	1119	
108	90	1135	
108	91	1120	
108	92	40	
108	93	1125	
108	94	30	
108	74	1127	
108	76	1118	
108	80	20	
108	77	1121	
108	81	10	
108	84	1125	
108	85	10	
108	75	1135	
108	78	1133	
108	82	10	
108	294	1118	
108	294	1120	
108	294	1121	
108	294	1122	
108	295	1127	
108	302	1318	
108	303	2476	
108	720	1318	
108	721	2476	
108	139	4010	
108	140	4057	
108	705	-2	
108	138	16	
108	52	96	
108	52	97	
108	289	8	
108	289	10	
108	198	50	
108	319	25	
108	270	77	
108	345	1131	
108	346	4	
108	345	1123	
108	346	12	
108	345	1120	
108	346	8	
108	345	1118	
108	346	8	
108	347	1135	
108	348	1133	
108	349	10	
108	350	1135	
108	314	499	
108	314	1344	
108	314	2202	
108	314	2466	
108	314	2549	
108	314	3874	
108	314	3926	
109	97	1771	
109	90	3979	
109	91	794	
109	92	25	
109	93	797	
109	94	25	
109	74	3979	
109	76	794	
109	80	10	
109	77	797	
109	81	10	
109	84	938	
109	85	5	
109	75	1710	
109	78	939	
109	82	10	
109	364	1	
109	138	15	
109	52	52	
109	52	130	
109	289	4	
109	289	10	
109	139	942	
109	140	943	
109	141	944	
109	353	14	
109	354	1	
109	345	797	
109	346	16	
109	347	1895	
109	348	928	
109	349	15	
109	350	3979	
109	314	1345	
109	314	3088	
109	314	3928	
109	314	3929	
109	314	391	
109	314	3932	
110	275	1	
110	97	1257	
110	90	1249	
110	91	1238	
110	92	25	
110	93	1239	
110	94	15	
110	74	1249	
110	76	1238	
110	80	20	
110	77	1239	
110	81	5	
110	75	1251	
110	78	1240	
110	82	15	
110	171	2102	
110	173	2101	
110	177	8	
110	172	2102	
110	175	2103	
110	179	8	
110	299	1254	
110	299	1255	
110	138	15	
110	52	92	
110	52	93	
110	289	4	
110	289	10	
110	186	2102	
110	186	2104	
110	187	2101	
110	187	2103	
110	198	50	
110	139	1579	
110	140	1580	
110	141	1915	
110	345	1239	
110	346	16	
110	347	1249	
110	663	2101	
110	664	20	
110	665	2102	
110	348	1240	
110	349	15	
110	350	1249	
110	666	2103	
110	667	5	
110	668	2102	
110	351	2	
110	314	1339	
110	314	1345	
110	314	2979	
110	314	3072	
110	314	3073	
111	716	128	
111	642	1	
111	640	-1	
111	641	-1	
111	275	1	
111	97	729	
111	90	730	
111	91	721	
111	92	30	
111	93	1546	
111	94	30	
111	74	730	
111	76	721	
111	80	20	
111	77	722	
111	81	10	
111	75	731	
111	78	727	
111	82	10	
111	171	2894	
111	173	2893	
111	177	10	
111	174	2893	
111	178	5	
111	172	2894	
111	175	2893	
111	179	10	
111	176	2896	
111	180	8	
111	186	2894	
111	186	2892	
111	186	2895	
111	187	2893	
111	187	2896	
111	139	933	
111	140	936	
111	141	935	
111	703	1	
111	704	1	
111	169	1	
111	705	-1	
111	208	1	
111	288	100	
111	319	75	
111	329	3	
111	138	14	
111	52	102	
111	52	104	
111	52	105	
111	52	103	
111	289	6	
111	289	10	
111	345	721	
111	346	30	
111	347	730	
111	663	2893	
111	664	20	
111	665	2894	
111	348	1547	
111	349	18	
111	350	730	
111	666	2896	
111	667	7	
111	668	2894	
111	270	82	
111	270	83	
111	351	1	
111	354	11	
111	353	12	
111	314	603	
112	642	1	
112	641	-1	
112	275	1	
112	379	1	
112	274	1	
112	311	10	
112	312	10	
112	372	10	
112	716	128	
112	97	2748	
112	90	2782	
112	91	2742	
112	92	30	
112	93	2741	
112	94	20	
112	95	2740	
112	96	20	
112	74	2782	
112	76	2738	
112	80	10	
112	77	2741	
112	81	10	
112	75	2675	
112	78	2742	
112	82	20	
112	171	2891	
112	173	2889	
112	177	10	
112	174	2890	
112	178	5	
112	172	2748	
112	175	2890	
112	179	10	
112	294	2738	
112	294	2739	
112	295	2782	
112	295	2751	
112	302	2738	
112	302	2739	
112	303	2782	
112	303	2750	
112	186	2891	
112	186	2748	
112	187	2889	
112	187	2890	
112	139	2763	
112	704	1	
112	705	-1	
112	208	1	
112	138	14	
112	52	180	
112	52	181	
112	289	6	
112	289	10	
112	345	2744	
112	346	30	
112	347	2782	
112	663	2889	
112	664	20	
112	665	2891	
112	348	2745	
112	349	15	
112	350	2782	
112	666	2890	
112	667	15	
112	668	2891	
112	270	93	
112	351	1	
112	314	604	
112	314	2755	
112	314	2756	
112	314	3192	
113	642	1	
113	643	-1	
113	716	64	
113	379	1	
113	97	502	
113	90	163	
113	91	167	
113	92	25	
113	93	166	
113	94	15	
113	74	9	
113	76	168	
113	80	10	
113	77	166	
113	81	20	
113	75	162	
113	78	165	
113	82	10	
113	79	166	
113	83	10	
113	300	1094	
113	139	380	
113	140	864	
113	141	1660	
113	705	-2	
113	210	1	
113	695	1	
113	697	1	
113	197	1	
113	654	616	
113	656	30	
113	654	617	
113	656	30	
113	138	5	
113	52	63	
113	52	12	
113	289	7	
113	289	10	
113	198	50	
113	345	503	
113	346	4	
113	345	3918	
113	346	8	
113	347	163	
113	348	166	
113	349	15	
113	350	162	
113	315	320	
113	314	1349	
113	314	2205	
113	314	2445	
113	314	2793	
115	642	-1	
115	97	426	
115	90	2150	
115	91	142	
115	92	20	
115	93	143	
115	94	15	
115	74	422	
115	76	142	
115	80	15	
115	77	143	
115	81	10	
115	75	263	
115	78	144	
115	82	15	
115	139	544	
115	140	590	
115	704	1	
115	705	1	
115	264	1	
115	319	25	
115	138	11	
115	52	58	
115	289	1	
115	289	10	
115	345	2148	
115	346	20	
115	347	2150	
115	348	143	
115	349	15	
115	350	2150	
115	314	1098	
116	642	-1	
116	644	-1	
116	97	3099	
116	90	1918	
116	91	1931	
116	92	30	
116	93	1928	
116	94	30	
116	74	1918	
116	76	1929	
116	80	10	
116	77	1931	
116	81	10	
116	84	1928	
116	85	10	
116	75	1917	
116	78	1930	
116	82	10	
116	79	1926	
116	83	10	
116	705	2	
116	138	4	
116	52	140	
116	52	141	
116	289	1	
116	289	10	
116	139	1958	
116	140	1959	
116	141	1962	
116	149	1957	
116	345	1931	
116	346	25	
116	347	1918	
116	348	1926	
116	349	15	
116	350	1917	
116	314	1561	
116	314	3086	
117	642	-1	
117	644	1	
117	97	426	
117	90	839	
117	91	837	
117	92	15	
117	93	276	
117	94	10	
117	74	839	
117	76	837	
117	80	10	
117	77	838	
117	81	15	
117	75	274	
117	78	276	
117	82	5	
117	139	1382	
117	140	3439	
117	141	3440	
117	142	3441	
117	138	12	
117	52	47	
117	705	1	
117	289	1	
117	289	10	
117	198	50	
117	345	300	
117	346	6	
117	347	437	
117	348	278	
117	349	5	
117	350	437	
117	353	18	
117	354	15	
117	314	500	
117	314	643	
117	314	644	
117	314	645	
117	314	1229	
118	642	-1	
118	97	3414	
118	90	3410	
118	91	3403	
118	92	20	
118	93	3401	
118	94	15	
118	74	3410	
118	76	3417	
118	80	20	
118	77	3401	
118	81	20	
118	75	3411	
118	78	3412	
118	82	20	
118	294	3401	
118	294	3402	
118	294	3417	
118	294	3418	
118	294	3401	
118	295	3407	
118	295	3435	
118	387	300	
118	139	586	
118	138	12	
118	52	213	
118	705	2	
118	289	1	
118	289	10	
118	198	50	
118	351	2	
118	345	3412	
118	346	16	
118	347	3410	
118	348	3403	
118	349	20	
118	350	3435	
118	314	500	
118	314	643	
118	314	644	
118	314	645	
118	314	1229	
119	645	1	
119	403	1	
119	97	3810	
119	90	3811	
119	91	3806	
119	92	20	
119	93	3804	
119	94	15	
119	74	3811	
119	76	3806	
119	80	10	
119	77	3804	
119	81	10	
119	84	3808	
119	85	6	
119	75	3813	
119	78	3805	
119	82	20	
119	139	3877	
119	138	2	
119	133	300	
119	52	229	
119	289	8	
119	289	7	
119	289	10	
119	705	-1	
119	198	50	
119	270	40	
119	270	41	
119	270	42	
119	270	43	
119	345	3804	
119	346	20	
119	347	3811	
119	348	3805	
119	349	15	
119	350	3811	
119	314	158	
119	314	4002	
120	640	1	
120	97	3802	
120	90	3794	
120	91	3785	
120	92	25	
120	93	3786	
120	94	25	
120	74	3794	
120	76	3783	
120	80	20	
120	77	3784	
120	81	20	
120	84	3785	
120	85	10	
120	86	3786	
120	87	10	
120	75	3794	
120	78	3788	
120	82	20	
120	138	2	
120	133	300	
120	52	227	
120	52	228	
120	289	8	
120	289	7	
120	289	10	
120	705	-1	
120	198	50	
120	345	3785	
120	346	20	
120	347	3794	
120	348	3788	
120	349	15	
120	350	3794	
120	319	25	
120	329	1	
120	427	1	
120	314	158	
120	314	4001	
121	640	1	
121	705	-1	
121	97	3848	
121	90	3849	
121	91	3843	
121	92	8	
121	93	3842	
121	94	8	
121	74	3849	
121	76	3843	
121	80	10	
121	77	3842	
121	81	8	
121	75	3849	
121	78	3844	
121	82	10	
121	298	3880	
121	299	3976	
121	345	3842	
121	346	7	
121	347	3849	
121	348	3841	
121	349	7	
121	350	3849	
121	138	2	
121	52	230	
121	52	239	
121	289	8	
121	289	7	
121	289	10	
121	314	4003	
123	640	-1	
123	97	4040	
123	90	4041	
123	91	4034	
123	92	15	
123	93	4035	
123	94	15	
123	74	4041	
123	76	4034	
123	80	10	
123	77	4035	
123	81	10	
123	75	4044	
123	78	4036	
123	82	10	
123	79	4037	
123	83	10	
123	704	1	
123	138	9	
123	52	240	
123	52	241	
123	289	2	
123	289	3	
123	289	10	
123	139	4059	
123	140	4060	
123	345	4034	
123	346	16	
123	347	4041	
123	348	4035	
123	349	12	
123	350	4041	
123	270	30	
123	361	1	
123	353	4	
123	314	216	
123	314	606	
123	314	607	
123	314	656	
123	314	978	
123	314	2787	
123	314	3081	
123	314	3082	
123	314	3416	
123	314	3632	
123	314	3894	
125	642	1	
125	185	3	
125	275	1	
125	289	3	
125	289	7	
125	289	10	
125	289	9	
125	379	1	
125	97	3029	
125	90	3027	
125	91	3019	
125	92	15	
125	93	3023	
125	94	12	
125	74	3025	
125	76	3024	
125	80	15	
125	77	3031	
125	81	8	
125	75	3024	
125	78	3019	
125	82	15	
125	176	3021	
125	180	10	
125	171	3027	
125	173	3013	
125	177	15	
125	174	3014	
125	178	10	
125	172	3050	
125	175	3015	
125	179	10	
125	176	3030	
125	180	10	
125	187	3013	
125	187	3014	
125	187	3015	
125	187	3016	
125	187	3019	
125	187	3023	
125	186	3029	
125	186	3017	
125	186	3027	
125	186	3050	
125	186	3038	
125	186	3035	
125	186	3033	
125	705	-1	
125	138	2	
125	52	161	
125	52	193	
125	198	50	
125	738	3019	
125	738	3021	
125	738	3023	
125	738	3031	
125	739	3027	
125	739	3035	
125	739	3033	
125	139	3175	
125	140	3176	
125	663	3031	
125	664	20	
125	665	3027	
125	345	3031	
125	346	20	
125	347	3027	
125	666	3014	
125	667	15	
125	668	3027	
125	348	3021	
125	349	10	
125	350	3027	
125	315	1371	
125	314	387	
125	314	961	
125	314	1232	
125	314	1233	
125	314	1342	
125	314	2446	
125	314	2792	
125	314	2851	
125	314	3053	
125	314	3368	
126	642	-1	
126	643	-1	
126	185	3	
126	275	1	
126	264	1	
126	379	1	
126	97	1631	
126	90	1632	
126	91	1617	
126	92	20	
126	93	1625	
126	94	15	
126	74	1632	
126	76	1617	
126	80	10	
126	77	1625	
126	81	10	
126	75	1633	
126	78	1626	
126	82	10	
126	79	1627	
126	83	5	
126	171	441	
126	173	110	
126	177	10	
126	174	111	
126	178	10	
126	172	2084	
126	175	110	
126	179	10	
126	176	107	
126	180	10	
126	139	1634	
126	140	2085	
126	705	2	
126	138	2	
126	52	126	
126	289	10	
126	186	207	
126	186	2088	
126	186	2083	
126	186	2084	
126	187	111	
126	187	107	
126	187	1621	
126	187	2087	
126	198	50	
126	345	1617	
126	346	12	
126	347	1632	
126	663	1621	
126	664	20	
126	665	207	
126	348	1625	
126	349	15	
126	350	1632	
126	666	2087	
126	667	5	
126	668	2088	
126	353	23	
126	356	20	
126	314	265	
126	314	2852	
126	314	2853	
127	645	1	
127	641	-1	
127	293	1	
127	275	1	
127	716	2048	
127	289	9	
127	167	1	
127	35	10	
127	400	60	
127	168	10	
127	658	1	
127	157	1	
127	37	-5	
127	97	432	
127	90	445	
127	91	337	
127	92	40	
127	93	1619	
127	94	15	
127	74	445	
127	76	337	
127	80	20	
127	77	335	
127	81	10	
127	75	3858	
127	78	336	
127	82	10	
127	79	425	
127	83	5	
127	171	445	
127	173	337	
127	177	20	
127	174	335	
127	178	10	
127	172	3858	
127	175	336	
127	179	10	
127	176	425	
127	180	5	
127	705	0	
127	138	13	
127	52	164	
127	52	231	
127	139	560	
127	140	660	
127	739	443	
127	739	2470	
127	738	970	
127	738	971	
127	738	972	
127	163	1563	
127	663	407	
127	664	4	
127	665	445	
127	666	1524	
127	667	20	
127	668	444	
127	271	25	
127	314	546	
127	314	652	
127	314	2855	
127	314	2980	
127	314	3054	
127	314	3396	
