record_id	effect_number	duration	ritual	object_type	raw_argument	modifiers_mask	range_base	range_per_level	range_strength_divisor	area_base	area_per_level	area_battlefield_pct	end
0	0		0	Spell	0	0	0	0	0	0	0		
1	109		0	Spell	1	2176	0	0	0	1	0		
2	2		0	Spell	2	2176	0	0	0	1	0		
3	3		0	Spell	2010	160	0	0	0	10	0		
4	600		0	Spell	261	147456	0	0	0	0	0		
5	2		0	Spell	2	2176	0	0	0	10	0		
6	2		0	Spell	5	563499711332352	0	0	0	0	0		
7	4		0	Spell	1	128	0	0	0	1	0		
8	7		0	Spell	1004	8320	0	0	0	1	0		
9	3		0	Spell	2010	640	0	0	0	1	0		
10	1		0	Spell	-2	8388608	15	1	0	0	0		
11	11		0	Spell	256	4224	0	0	0	1	0		
12	1		1	Spell	640	0	0	0	0	0	0		
13	11		0	Spell	2199023255552	8405120	0	0	0	1	0		
14	15		0	Spell	1	12599424	0	0	0	0	0		
15	66		0	Spell	10	537002112	0	0	0	1	0		
16	1		1	Spell	360	0	0	0	0	0	0		
17	1		1	Spell	-2	0	0	0	0	0	0		
18	1		1	Spell	304	0	0	0	0	0	0		
19	10		0	Spell	1024	8404992	0	0	0	0	0		
20	11		0	Spell	256	4224	0	0	0	12	0		
21	4		0	Spell	3	128	0	0	0	1	0		
22	2		0	Spell	0	0	0	0	0	1	0		
23	1		0	Spell	361	0	0	0	0	0	0		
24	11		0	Spell	33554432	4224	0	0	0	1	0		
25	1		1	Spell	518	0	0	0	0	0	0		
26	1		1	Spell	303	0	0	0	0	0	0		
27	10		0	Spell	176	16388	0	0	0	0	0		
28	1		1	Spell	561	0	0	0	0	0	0		
29	1		1	Spell	562	0	0	0	0	0	0		
30	38		1	Spell	3233	8388608	0	0	0	0	0		
31	2		0	Spell	150	549755813888	0	0	0	1	0		
32	21		1	Spell	625	0	0	0	0	0	0		
33	21		1	Spell	490	0	0	0	0	0	0		
34	81		0	Spell	58	0	0	0	0	0	0		
35	11		0	Spell	8388608	536875136	0	0	0	1	0		
36	1		1	Spell	564	8388608	0	0	0	0	0		
37	1		1	Spell	593	0	0	0	0	0	0		
38	1		1	Spell	592	0	0	0	0	0	0		
39	3		0	Spell	2010	160	0	0	0	1	0		
40	11		0	Spell	33554432	16777344	0	0	0	0	0	100	
41	10		0	Spell	2305843009213693952	8404992	0	0	0	0	0		
42	66		0	Spell	5	8933504	0	0	0	1	0		
43	11		0	Spell	262144	10485888	0	0	0	0	0		
44	11		0	Spell	16777216	10489984	0	0	0	0	0		
45	1		1	Spell	736	0	0	0	0	0	0		
46	37		1	Spell	-3	0	0	0	0	0	0		
47	11		0	Spell	64	10502272	0	0	0	0	0		
48	1		0	Spell	403	0	0	0	0	0	0		
49	1		0	Spell	303	0	0	0	0	0	0		
50	1		0	Spell	676	0	0	0	0	0	0		
51	1		0	Spell	1357	0	0	0	0	0	0		
52	1		0	Spell	628	0	0	0	0	0	0		
53	1		0	Spell	284	0	0	0	0	0	0		
54	23		1	Spell	8388608	8388608	0	0	0	0	0		
55	1		0	Spell	959	8388608	0	0	0	0	0		
56	21		0	Spell	960	8388608	0	0	0	0	0		
57	82		1	Spell	0	8388608	0	0	0	0	0		
58	21		0	Spell	3471	0	0	0	0	0	0		
59	1		0	Spell	1139	0	0	0	0	0	0		
60	1		1	Spell	1037	0	0	0	0	0	0		
61	1		1	Spell	1086	0	0	0	0	0	0		
62	81		0	Spell	45	8388608	0	0	0	0	0		
63	66		0	Spell	5	8933504	0	0	0	0	0		
64	21		1	Spell	737	8388608	0	0	0	0	0		
65	1		0	Spell	284	0	0	0	0	0	0		
66	81		0	Spell	77	0	0	0	0	0	0		
67	1		1	Spell	1357	0	0	0	0	0	0		
68	1		1	Spell	1367	0	0	0	0	0	0		
69	1		1	Spell	3869	0	0	0	0	0	0		
70	81		0	Spell	6	0	0	0	0	0	0		
71	105		0	Spell	999	4224	0	0	0	0	0	100	
72	1		1	Spell	1425	0	0	0	0	0	0		
73	1		1	Spell	304	0	0	0	0	0	0		
74	1		1	Spell	449	0	0	0	0	0	0		
75	1		1	Spell	632	0	0	0	0	0	0		
76	1		1	Spell	489	0	0	0	0	0	0		
77	1		1	Spell	1481	0	0	0	0	0	0		
78	1		1	Spell	1478	0	0	0	0	0	0		
79	81		0	Spell	7	0	0	0	0	0	0		
80	21		0	Spell	-18	0	0	0	0	0	0		
81	2		0	Spell	3	640	0	0	0	10	0		
82	2		0	Spell	20	524424	15	0	0	1	0		
83	2		0	Spell	2	4224	0	0	0	12	0		
84	28		0	Spell	999	4240	0	0	0	0	0		
85	101		1	Spell	10	0	0	0	0	0	0		
86	101		1	Spell	3	0	0	0	0	0	0		
87	1		1	Spell	435	0	0	0	0	0	0		
88	1		0	Spell	448	8388608	0	0	0	0	0		
89	1		1	Spell	2051	0	0	0	0	0	0		
90	1		1	Spell	2045	0	0	0	0	0	0		
91	112		1	Spell	9999	36028797018964096	0	0	0	0	0		
92	1		1	Spell	2090	0	0	0	0	0	0		
93	81		0	Spell	1	0	0	0	0	0	0		
94	113		1	Spell	0	8392704	0	0	0	0	0		
95	1		0	Spell	-9	8388608	0	0	0	0	0		
96	1		0	Spell	2136	0	0	0	0	0	0		
97	1		0	Spell	1224	0	0	0	0	0	0		
98	1		0	Spell	-5	0	0	0	0	0	0		
99	1		1	Spell	2219	0	0	0	0	0	0		
100	11		0	Spell	16384	70368744177792	0	0	0	1	0		
101	11		0	Spell	1	4224	0	0	0	1	0		
102	11		0	Spell	1	140737492553856	0	0	0	0	0	100	
103	11		0	Spell	16777216	17592196530304	0	0	0	1	0		
104	128		0	Spell	0	70368745226240	0	0	0	0	0	100	
105	128		0	Spell	100	8802432	1	0	0	5	0		
106	48		1	Spell	55	8388608	0	0	0	0	0		
107	2		0	Spell	10	96	0	0	0	8	0		
108	11		0	Spell	262144	10489984	0	0	0	0	0	50	
109	11		0	Spell	16777216	27263104	0	0	0	0	0	50	
110	1		1	Spell	2528	0	0	0	0	0	0		
111	1		0	Spell	517	0	1	0	0	0	0		
112	11		0	Spell	512	16416	0	0	0	0	0		
113	2		0	Spell	16	96	0	0	0	8	0		
114	11		0	Spell	256	4224	0	0	0	0	0		
115	2		0	Spell	6	96	0	0	0	6	0		
116	2		0	Spell	6	2199023255616	0	0	0	6	0		
117	2		0	Spell	8	64	0	0	0	6	0		
118	2		0	Spell	10	8392832	0	0	0	6	0		
119	81		0	Spell	127	0	0	0	0	0	0		
120	109		0	Spell	8	549757911040	0	0	0	1	0		
121	1		1	Spell	3878	0	0	0	0	0	0		
122	2		0	Spell	8	17179873376	0	0	0	6	0		
123	128		0	Spell	100	17592194449552	1	0	0	0	0		
124	1		1	Spell	-26	0	0	0	0	0	0		
125	1		1	Spell	3903	0	0	0	0	0	0		
126	1		1	Spell	3901	0	0	0	0	0	0		
127	3		0	Spell	33	545263616	0	0	0	1	0		
128	7		0	Spell	2008	8320	0	0	0	1	0		
129	11		0	Spell	144115188075855872	17592186044544	0	0	0	1	0		
130	2		0	Spell	0	0	0	0	0	1	0		
131	2		0	Spell	0	0	0	0	0	1	0		
132	2		0	Spell	0	0	0	0	0	1	0		
133	2		0	Spell	0	0	0	0	0	1	0		
134	2		0	Spell	0	0	0	0	0	1	0		
135	2		0	Spell	0	0	0	0	0	1	0		
136	2		0	Spell	0	0	0	0	0	1	0		
137	2		0	Spell	0	0	0	0	0	1	0		
138	2		0	Spell	0	0	0	0	0	1	0		
139	2		0	Spell	0	0	0	0	0	1	0		
140	2		0	Spell	0	0	0	0	0	1	0		
141	2		0	Spell	0	0	0	0	0	1	0		
142	2		0	Spell	0	0	0	0	0	1	0		
143	2		0	Spell	0	0	0	0	0	1	0		
144	2		0	Spell	0	0	0	0	0	1	0		
145	2		0	Spell	0	0	0	0	0	1	0		
146	2		0	Spell	0	0	0	0	0	1	0		
147	2		0	Spell	0	0	0	0	0	1	0		
148	2		0	Spell	0	0	0	0	0	1	0		
149	2		0	Spell	0	0	0	0	0	1	0		
150	2		0	Spell	0	0	0	0	0	1	0		
151	2		0	Spell	0	0	0	0	0	1	0		
152	2		0	Spell	0	0	0	0	0	1	0		
153	2		0	Spell	0	0	0	0	0	1	0		
154	2		0	Spell	0	0	0	0	0	1	0		
155	2		0	Spell	0	0	0	0	0	1	0		
156	2		0	Spell	0	0	0	0	0	1	0		
157	2		0	Spell	0	0	0	0	0	1	0		
158	2		0	Spell	0	0	0	0	0	1	0		
159	2		0	Spell	0	0	0	0	0	1	0		
160	2		0	Spell	0	0	0	0	0	1	0		
161	2		0	Spell	0	0	0	0	0	1	0		
162	2		0	Spell	0	0	0	0	0	1	0		
163	2		0	Spell	0	0	0	0	0	1	0		
164	2		0	Spell	0	0	0	0	0	1	0		
165	2		0	Spell	0	0	0	0	0	1	0		
166	2		0	Spell	0	0	0	0	0	1	0		
167	2		0	Spell	0	0	0	0	0	1	0		
168	2		0	Spell	0	0	0	0	0	1	0		
169	2		0	Spell	0	0	0	0	0	1	0		
170	2		0	Spell	0	0	0	0	0	1	0		
171	2		0	Spell	0	0	0	0	0	1	0		
172	2		0	Spell	0	0	0	0	0	1	0		
173	2		0	Spell	0	0	0	0	0	1	0		
174	2		0	Spell	0	0	0	0	0	1	0		
175	2		0	Spell	0	0	0	0	0	1	0		
176	2		0	Spell	0	0	0	0	0	1	0		
177	2		0	Spell	0	0	0	0	0	1	0		
178	2		0	Spell	0	0	0	0	0	1	0		
179	2		0	Spell	0	0	0	0	0	1	0		
180	2		0	Spell	0	0	0	0	0	1	0		
181	2		0	Spell	0	0	0	0	0	1	0		
182	2		0	Spell	0	0	0	0	0	1	0		
183	2		0	Spell	0	0	0	0	0	1	0		
184	2		0	Spell	0	0	0	0	0	1	0		
185	2		0	Spell	0	0	0	0	0	1	0		
186	2		0	Spell	0	0	0	0	0	1	0		
187	2		0	Spell	0	0	0	0	0	1	0		
188	2		0	Spell	0	0	0	0	0	1	0		
189	2		0	Spell	0	0	0	0	0	1	0		
190	2		0	Spell	0	0	0	0	0	1	0		
191	2		0	Spell	0	0	0	0	0	1	0		
192	2		0	Spell	0	0	0	0	0	1	0		
193	2		0	Spell	0	0	0	0	0	1	0		
194	2		0	Spell	0	0	0	0	0	1	0		
195	2		0	Spell	0	0	0	0	0	1	0		
196	2		0	Spell	0	0	0	0	0	1	0		
197	2		0	Spell	0	0	0	0	0	1	0		
198	2		0	Spell	0	0	0	0	0	1	0		
199	2		0	Spell	0	0	0	0	0	1	0		
200	10		0	Spell	1	12632064	5	10	0	0	5		
201	2		0	Spell	3001	276828296	20	5	0	2	2		
202	2		0	Spell	3001	1152921504883675272	20	5	0	2	2		
203	11		0	Spell	512	16544	0	0	0	0	0		
204	2		0	Spell	1001	1152921504883675272	20	5	0	3	3		
205	2		0	Spell	3001	16448	0	0	0	0	0		
206	2		0	Spell	3001	1152921504883675272	20	5	0	2	2		
207	11		0	Spell	16384	70368754683904	0	0	0	0	0		
208	2		0	Spell	1	276828296	25	5	0	10	5		
209	2		0	Spell	999	293601416	20	5	0	1	1		
210	2		0	Spell	3001	1152921504883675272	20	5	0	2	2		
211	11		0	Spell	17179869184	8540160	0	0	0	0	0		
212	2		0	Spell	1001	1152921504883675272	30	5	0	4	4		
213	128		0	Spell	100	8540160	0	0	0	0	0		
214	2		0	Spell	1001	1152921504883675272	25	5	0	4	4		
215	2		0	Spell	3003	8540288	0	0	0	0	0		
216	17		0	Spell	1	12583040	15	5	0	0	5		
217	2		0	Spell	5005	8933512	20	5	0	0	0		
218	128		0	Spell	100	8425472	25	0	0	0	0		
219	10		0	Spell	4194304	8404992	0	0	0	0	0		
220	10		0	Spell	1	12615680	0	0	0	0	0	100	
221	2		0	Spell	10	8409216	30	0	0	0	0		
222	2		0	Spell	10	1152921504615256192	30	0	0	0	0		
223	2		0	Spell	10	8405152	0	0	0	0	0		
224	2		0	Spell	10	1152921504615256192	25	0	0	0	0		
225	2		0	Spell	10	537477248	0	0	0	0	0		
226	2		0	Spell	10	1152921504615256192	25	0	0	0	0		
227	99		0	Spell	999	8409220	0	0	0	0	0		
228	2		0	Spell	10	1152921504615256192	50	0	0	0	0		
229	2		0	Spell	5	8407168	0	0	0	0	0		
230	2		0	Spell	10	1152921504615256192	100	0	0	0	0		
231	66		0	Spell	10	8540288	0	0	0	0	0		
232	2		0	Spell	10	1152921504615256192	25	0	0	0	0		
233	2		0	Spell	999	576460752849227904	0	0	0	0	0		
234	3		0	Spell	20	545804416	0	0	0	0	0		
235	2		0	Spell	5	1152921504615256192	30	0	0	0	0		
236	11		0	Spell	64	576460752311828608	0	0	0	0	0		
237	11		0	Spell	8192	545800320	0	0	0	0	0		
238	2		0	Spell	10	1152921505152651392	30	0	0	0	0		
239	11		0	Spell	17179869184	17592195104896	0	0	0	0	0		
240	2		0	Spell	20	1152921505152651392	30	0	0	0	0		
241	11		0	Spell	8388608	545800320	0	0	0	0	0		
242	17		0	Spell	1	12583040	0	0	0	0	0	100	
243	81		0	Spell	91	8404992	0	0	0	0	0		
244	2		0	Spell	8	96	25	5	0	0	0		
245	10		0	Spell	8	16384	0	0	0	0	0		
246	2		0	Spell	1008	640	1	0	0	0	0		
247	2		0	Spell	1006	1649269538816	25	5	0	0	0		
248	23		0	Spell	1	8404992	0	0	0	0	0		
249	2		0	Spell	1005	8405120	1	0	0	0	0		
250	7		0	Spell	5005	8396928	1	0	0	0	0		
251	11		0	Spell	1024	545919104	1	0	0	1	0		
252	11		0	Spell	8192	537415808	25	5	0	0	0		
253	42		1	Spell	11	0	0	0	0	0	0		
254	1		1	Spell	3168	0	0	0	0	0	0		
255	1		0	Spell	3119	0	1	0	0	0	0		
256	1		1	Spell	3127	0	0	0	0	0	0		
257	13		0	Spell	1009	576460752840441984	10	5	0	0	0		
258	8		0	Spell	10	537018496	0	0	0	0	0		
259	2		0	Spell	1003	576460752571994248	10	5	0	2	2		
260	4		0	Spell	2	147584	0	0	0	0	0		
261	82		1	Spell	94	0	0	0	0	0	0		
262	136		1	Spell	2	17592194433024	0	0	0	0	0		
263	511		1	Spell	654	0	0	0	0	0	0		
264	81		1	Spell	107	8388608	0	0	0	0	0	100	
265	21		1	Spell	3160	0	0	0	0	0	0		
266	137		1	Spell	3167	0	0	0	0	0	0		
267	1		1	Spell	3169	576460752311812096	0	0	0	0	0		
268	1		1	Spell	3170	8388608	0	0	0	0	0		
269	1		1	Spell	3164	8388608	0	0	0	0	0		
270	1		1	Spell	3171	0	0	0	0	0	0		
271	21		1	Spell	1881	0	0	0	0	0	0		
272	93		1	Spell	1822	0	0	0	0	0	0		
273	10		0	Spell	288230376151711744	12599296	15	0	0	3	2		
274	21		1	Spell	3066	0	0	0	0	0	0		
275	21		1	Spell	3087	0	0	0	0	0	0		
276	23		1	Spell	2199023255552	805830656	0	0	0	0	0		
277	85		1	Spell	94	0	0	0	0	0	0		
278	511		1	Spell	651	0	0	0	0	0	0		
279	21		1	Spell	1881	0	0	0	0	0	0		
280	23		0	Spell	549755813888	12599296	18	2	0	3	2		
281	1		1	Spell	1807	0	0	0	0	0	0		
282	21		1	Spell	1809	0	0	0	0	0	0		
283	1		1	Spell	3899	0	0	0	0	0	0		
284	23		0	Spell	2305843009213693952	8404992	0	0	0	0	0		
285	23		0	Spell	4611686018427387904	8404992	0	0	0	0	0		
286	2		0	Spell	1005	8405136	20	0	0	0	0		
287	21		1	Spell	1908	0	0	0	0	0	0		
288	101		1	Spell	-5	545783808	0	0	0	0	0		
289	111		1	Spell	15	545783808	0	0	0	0	0		
290	130		1	Spell	3070	545783808	0	0	0	0	0		
291	130		1	Spell	1432	545783808	0	0	0	0	0		
292	81		1	Spell	106	8388608	0	0	0	0	0	100	
293	23		0	Spell	17179869184	4718600	0	0	0	0	0	100	
294	23		0	Spell	128	8404992	0	0	0	0	0		
295	10		0	Spell	32776	12599296	15	0	0	0	2		
296	29		0	Spell	999	25182208	5	0	0	0	0		
297	2		0	Spell	999	25706632	20	0	0	0	0		
298	8		0	Spell	15	8404992	0	0	0	0	0		
299	1		1	Spell	3264	0	0	0	0	0	0		
300	21		1	Spell	3268	0	0	0	0	0	0		
301	1		1	Spell	2100	0	0	0	0	0	0		
302	21		1	Spell	2089	0	0	0	0	0	0		
303	1		1	Spell	3269	0	0	0	0	0	0		
304	21		1	Spell	2093	0	0	0	0	0	0		
305	21		1	Spell	2095	0	0	0	0	0	0		
306	21		1	Spell	2106	41943040	0	0	0	0	0		
307	21		1	Spell	3273	0	0	0	0	0	0		
308	21		1	Spell	3266	0	0	0	0	0	0		
309	21		1	Spell	2099	0	0	0	0	0	0		
310	21		1	Spell	2096	0	0	0	0	0	0		
311	1		1	Spell	2091	0	0	0	0	0	0		
312	21		1	Spell	3263	0	0	0	0	0	0		
313	1		1	Spell	3270	0	0	0	0	0	0		
314	21		1	Spell	2097	0	0	0	0	0	0		
315	1		1	Spell	1971	0	0	0	0	0	0		
316	1		1	Spell	1977	8388608	0	0	0	0	0		
317	1		1	Spell	1656	0	0	0	0	0	0		
318	1		1	Spell	1649	0	0	0	0	0	0		
319	10		0	Spell	16384	4325376	0	0	0	0	0	100	
320	127		1	Spell	1	0	0	0	0	0	0		
321	1		1	Spell	3003	0	0	0	0	0	0		
322	1		1	Spell	1947	0	0	0	0	0	0		
323	1		1	Spell	1946	0	0	0	0	0	0		
324	50		1	Spell	1956	0	0	0	0	0	0		
325	21		1	Spell	1945	0	0	0	0	0	0		
326	119		1	Spell	1953	8388608	0	0	0	0	0		
327	21		1	Spell	1954	0	0	0	0	0	0		
328	21		1	Spell	1952	0	0	0	0	0	0		
329	21		1	Spell	1943	0	0	0	0	0	0		
330	1		1	Spell	1940	0	0	0	0	0	0		
331	38		1	Spell	1948	8388608	0	0	0	0	0		
332	21		1	Spell	1944	0	0	0	0	0	0		
333	21		1	Spell	1955	8388608	0	0	0	0	0		
334	21		1	Spell	1942	0	0	0	0	0	0		
335	21		1	Spell	1941	0	0	0	0	0	0		
336	21		1	Spell	1949	0	0	0	0	0	0		
337	63		1	Spell	10	8388608	0	0	0	0	0		
338	63		1	Spell	10	8388608	0	0	0	0	0		
339	1		1	Spell	2186	0	0	0	0	0	0		
340	1		1	Spell	2398	0	0	0	0	0	0		
341	1		1	Spell	888	0	0	0	0	0	0		
342	1		1	Spell	3980	0	0	0	0	0	0		
343	82		1	Spell	119	0	0	0	0	0	0		
344	21		1	Spell	2267	0	0	0	0	0	0		
345	25		0	Spell	1006	64	30	5	0	3	0		
346	1		1	Spell	1998	8388608	0	0	0	0	0		
347	21		1	Spell	2045	0	0	0	0	0	0		
348	21		1	Spell	2039	0	0	0	0	0	0		
349	1		1	Spell	2074	0	0	0	0	0	0		
350	1		1	Spell	2074	0	0	0	0	0	0		
351	1		1	Spell	2073	0	0	0	0	0	0		
352	21		1	Spell	2056	0	0	0	0	0	0		
353	21		1	Spell	2057	0	0	0	0	0	0		
354	21		1	Spell	2058	0	0	0	0	0	0		
355	21		1	Spell	2051	0	0	0	0	0	0		
356	21		1	Spell	2052	0	0	0	0	0	0		
357	89		1	Spell	14	0	0	0	0	0	0		
358	1		1	Spell	2072	0	0	0	0	0	0		
359	21		1	Spell	2071	0	0	0	0	0	0		
360	1		1	Spell	3068	0	0	0	0	0	0		
361	21		1	Spell	3095	0	0	0	0	0	0		
362	1		1	Spell	3064	0	0	0	0	0	0		
363	21		1	Spell	2966	0	0	0	0	0	0		
364	21		1	Spell	2845	8388608	0	0	0	0	0		
365	21		1	Spell	2846	8388608	0	0	0	0	0		
366	21		1	Spell	2874	8388608	0	0	0	0	0		
367	21		1	Spell	2834	8388608	0	0	0	0	0		
368	21		1	Spell	2836	8388608	0	0	0	0	0		
369	1		1	Spell	3210	0	0	0	0	0	0		
370	1		1	Spell	1664	41943040	0	0	0	0	0		
371	50		1	Spell	1624	0	0	0	0	0	0		
372	28		0	Spell	999	293863560	10	0	0	0	0		
373	10		0	Spell	67108864	281034760	20	0	0	1	0		
374	10		0	Spell	1	281067528	20	0	0	1	0		
375	23		0	Spell	33554432	281034760	20	0	0	1	0		
376	10		0	Spell	67108864	281034760	10	0	0	10	0		
377	10		0	Spell	1	281067528	10	0	0	10	0		
378	29		0	Spell	999	25214976	50	0	0	0	0		
379	23		0	Spell	33554432	281034760	10	0	0	5	0		
380	10		0	Spell	1	281051144	0	0	0	0	0	100	
381	10		0	Spell	67108864	297795592	0	0	0	0	0	100	
382	23		0	Spell	33554432	281018376	0	0	0	0	0	100	
383	1		1	Spell	259	0	0	0	0	0	0		
384	21		1	Spell	260	0	0	0	0	0	0		
385	21		1	Spell	256	0	0	0	0	0	0		
386	21		1	Spell	257	0	0	0	0	0	0		
387	21		1	Spell	258	0	0	0	0	0	0		
388	21		1	Spell	254	8388608	0	0	0	0	0		
389	21		1	Spell	253	8388608	0	0	0	0	0		
390	1		1	Spell	255	8388608	0	0	0	0	0		
391	1		1	Spell	259	0	0	0	0	0	0		
392	1		1	Spell	255	8388608	0	0	0	0	0		
393	1		1	Spell	255	8388608	0	0	0	0	0		
394	1		1	Spell	259	0	0	0	0	0	0		
395	1		1	Spell	187	0	0	0	0	0	0		
396	21		1	Spell	681	0	0	0	0	0	0		
397	21		1	Spell	678	0	0	0	0	0	0		
398	21		1	Spell	680	0	0	0	0	0	0		
399	21		1	Spell	679	0	0	0	0	0	0		
400	21		1	Spell	2333	0	0	0	0	0	0		
401	21		1	Spell	2334	0	0	0	0	0	0		
402	21		1	Spell	2335	0	0	0	0	0	0		
403	28		0	Spell	999	293863560	10	0	0	0	0		
404	10		0	Spell	67108864	281034760	20	0	0	1	0		
405	10		0	Spell	1	281067528	20	0	0	1	0		
406	23		0	Spell	33554432	281034760	20	0	0	1	0		
407	11		0	Spell	2	8421376	50	0	0	1	0		
408	10		0	Spell	67108864	281034760	10	0	0	10	0		
409	10		0	Spell	1	281067528	10	0	0	10	0		
410	29		0	Spell	999	25214976	50	0	0	0	0		
411	23		0	Spell	33554432	281034760	10	0	0	5	0		
412	10		0	Spell	1	281051144	0	0	0	0	0	100	
413	10		0	Spell	67108864	297795592	0	0	0	0	0	100	
414	23		0	Spell	33554432	281018376	0	0	0	0	0	100	
415	21		1	Spell	690	0	0	0	0	0	0		
416	21		1	Spell	691	0	0	0	0	0	0		
417	21		1	Spell	692	0	0	0	0	0	0		
418	10		0	Spell	67108864	281034760	20	0	0	1	0		
419	23		0	Spell	33554432	281034760	20	0	0	1	0		
420	10		0	Spell	67108864	281034760	10	0	0	10	0		
421	23		0	Spell	33554432	281034760	10	0	0	5	0		
422	10		0	Spell	67108864	297795592	0	0	0	0	0	100	
423	23		0	Spell	33554432	281018376	0	0	0	0	0	100	
424	4		0	Spell	3	393344	0	0	0	25	0		
425	11		0	Spell	64	262144	0	0	0	25	0		
426	3		0	Spell	1030	397440	0	0	0	25	0		
427	21		1	Spell	714	0	0	0	0	0	0		
428	21		1	Spell	711	0	0	0	0	0	0		
429	21		1	Spell	710	0	0	0	0	0	0		
430	23		0	Spell	4	281018504	25	5	0	0	1		
431	23		0	Spell	536870912	281034888	20	5	0	0	1		
432	13		0	Spell	10020	276840584	15	5	0	0	0		
433	23		0	Spell	4	281022600	0	0	0	0	0	100	
434	23		0	Spell	536870912	297795720	0	0	0	0	0	100	
435	42		1	Spell	17	0	0	0	0	0	0		
436	11		0	Spell	64	8404992	20	0	0	1	0		
437	11		0	Spell	64	8404992	20	0	0	1	0		
438	1		1	Spell	1769	0	0	0	0	0	0		
439	1		1	Spell	1770	0	0	0	0	0	0		
440	1		1	Spell	1768	0	0	0	0	0	0		
441	21		1	Spell	1776	0	0	0	0	0	0		
442	1		1	Spell	1821	0	1	0	0	0	0		
443	81		0	Spell	86	0	0	0	0	0	0		
444	11		0	Spell	4096	8409088	20	0	0	8	1		
445	1		1	Spell	3899	0	0	0	0	0	0		
446	1		1	Spell	3899	0	0	0	0	0	0		
447	1		1	Spell	3980	41943040	0	0	0	0	0		
448	25		0	Spell	1005	96	30	5	0	3	10		
449	50		1	Spell	3629	0	0	0	0	0	0		
450	0		0	Spell	0	0	0	0	0	0	0		
451	21		1	Spell	4053	0	0	0	0	0	0		
452	21		1	Spell	811	0	0	0	0	0	0		
453	73		0	Spell	13	274945015872	40	0	0	0	0		
454	73		0	Spell	10	274945015872	30	0	0	0	0		
455	21		1	Spell	1975	0	0	0	0	0	0		
456	10		0	Spell	67108864	29491200	0	0	0	0	0	100	
457	23		0	Spell	1099511627776	281474989309952	25	5	0	1	0		
458	89		1	Spell	19	0	0	0	0	0	0		
459	1		1	Spell	1358	0	0	0	0	0	0		
460	21		1	Spell	525	0	0	0	0	0	0		
461	66		0	Spell	5010	8540288	30	0	0	0	0		
462	21		1	Spell	2637	0	0	0	0	0	0		
463	21		1	Spell	-16	0	0	0	0	0	0		
464	21		1	Spell	2563	0	0	0	0	0	0		
465	89		1	Spell	12	0	0	0	0	0	0		
466	1		1	Spell	1607	0	0	0	0	0	0		
467	1		1	Spell	2630	0	0	0	0	0	0		
468	21		1	Spell	2631	0	0	0	0	0	0		
469	21		1	Spell	-17	0	0	0	0	0	0		
470	42		1	Spell	15	0	0	0	0	0	0		
471	89		1	Spell	16	0	0	0	0	0	0		
472	82		1	Spell	100	0	0	0	0	0	0		
473	82		1	Spell	36	0	0	0	0	0	0		
474	1		1	Spell	2694	0	0	0	0	0	0		
475	1		1	Spell	2697	0	0	0	0	0	0		
476	1		1	Spell	2700	0	0	0	0	0	0		
477	1		1	Spell	3870	0	0	0	0	0	0		
478	21		1	Spell	464	0	0	0	0	0	0		
479	1		1	Spell	1367	0	0	0	0	0	0		
480	37		1	Spell	3870	0	0	0	0	0	0		
481	21		1	Spell	1369	0	0	0	0	0	0		
482	21		1	Spell	1368	0	0	0	0	0	0		
483	1		1	Spell	1000	0	0	0	0	0	0		
484	0		0	Spell	0	0	0	0	0	0	0		
485	21		1	Spell	626	0	0	0	0	0	0		
486	1		1	Spell	3864	0	0	0	0	0	0		
487	1		1	Spell	3865	0	0	0	0	0	0		
488	1		1	Spell	3866	0	0	0	0	0	0		
489	1		1	Spell	3867	0	0	0	0	0	0		
490	19		1	Spell	1	8388608	0	0	0	0	0		
491	89		1	Spell	-21	0	0	0	0	0	0		
492	1		0	Spell	261	0	1	0	0	0	0		
493	1		1	Spell	2190	0	0	0	0	0	0		
494	136		1	Spell	2	17592186044416	0	0	0	0	0		
495	1		1	Spell	2363	0	0	0	0	0	0		
496	1		1	Spell	1309	0	0	0	0	0	0		
497	1		1	Spell	3193	0	0	0	0	0	0		
498	1		1	Spell	3420	0	0	0	0	0	0		
499	21		1	Spell	844	0	0	0	0	0	0		
500	81		1	Spell	44	0	0	0	0	0	0		
501	1		1	Spell	2363	0	0	0	0	0	0		
502	81		1	Spell	44	0	0	0	0	0	0		
503	1		1	Spell	2190	0	0	0	0	0	0		
504	1		1	Spell	1359	0	0	0	0	0	0		
505	1		1	Spell	859	0	0	0	0	0	0		
506	1		1	Spell	1889	8388608	0	0	0	0	0		
507	1		1	Spell	1358	0	0	0	0	0	0		
508	21		1	Spell	525	0	0	0	0	0	0		
509	89		1	Spell	13	0	0	0	0	0	0		
510	1		1	Spell	1357	0	0	0	0	0	0		
511	1		1	Spell	1356	0	0	0	0	0	0		
512	21		1	Spell	1422	0	0	0	0	0	0		
513	1		1	Spell	1483	0	0	0	0	0	0		
514	21		1	Spell	1558	0	0	0	0	0	0		
515	21		1	Spell	1360	0	0	0	0	0	0		
516	1		1	Spell	1356	0	0	0	0	0	0		
517	81		1	Spell	101	0	0	0	0	0	0		
518	1		1	Spell	2690	0	0	0	0	0	0		
519	11		0	Spell	8192	537411712	30	0	0	0	0		
520	11		0	Spell	262144	2113664	30	0	0	0	0		
521	3		0	Spell	5015	537477248	30	0	0	0	0		
522	11		0	Spell	2	2113664	30	0	0	0	0		
523	10		0	Spell	32	545800192	20	0	0	0	0		
524	10		0	Spell	137438953472	10502144	20	0	0	0	0		
525	23		0	Spell	68719476736	545865728	20	0	0	0	0		
526	10		0	Spell	2	4305453056	20	0	0	0	0		
527	89		1	Spell	17	0	0	0	0	0	0		
528	89		1	Spell	18	0	0	0	0	0	0		
529	1		1	Spell	903	0	0	0	0	0	0		
530	1		1	Spell	904	0	0	0	0	0	0		
531	1		1	Spell	1338	0	0	0	0	0	0		
532	1		1	Spell	926	0	0	0	0	0	0		
533	1		1	Spell	902	0	0	0	0	0	0		
534	1		0	Spell	1363	8388608	1	0	0	0	0		
535	1		0	Spell	1363	8388608	1	0	0	0	0		
536	1		1	Spell	3381	0	0	0	0	0	0		
537	141		1	Spell	3382	0	0	0	0	0	0		
538	21		1	Spell	3879	0	0	0	0	0	0		
539	21		1	Spell	3353	0	0	0	0	0	0		
540	1		1	Spell	3354	0	0	0	0	0	0		
541	21		1	Spell	3375	0	0	0	0	0	0		
542	1		1	Spell	3367	0	0	0	0	0	0		
543	21		1	Spell	3372	0	0	0	0	0	0		
544	21		1	Spell	3373	0	0	0	0	0	0		
545	21		1	Spell	3374	8388608	0	0	0	0	0		
546	21		1	Spell	3376	8388608	0	0	0	0	0		
547	501		0	Spell	250	537399456	40	0	0	4	1		
548	2		0	Spell	1042	576460752303423584	20	5	0	1	0		
549	11		0	Spell	512	1048736	0	0	0	10	0		
550	21		1	Spell	3389	8388608	0	0	0	0	0		
551	1		1	Spell	3479	0	0	0	0	0	0		
552	21		1	Spell	3481	0	0	0	0	0	0		
553	1		1	Spell	3476	0	0	0	0	0	0		
554	21		1	Spell	3483	0	0	0	0	0	0		
555	1		1	Spell	3666	0	0	0	0	0	0		
556	1		1	Spell	1319	0	0	0	0	0	0		
557	1		1	Spell	1332	0	0	0	0	0	0		
558	21		1	Spell	3668	0	0	0	0	0	0		
559	21		1	Spell	1329	0	0	0	0	0	0		
560	21		1	Spell	1330	0	0	0	0	0	0		
561	21		1	Spell	1322	0	0	0	0	0	0		
562	1		1	Spell	1335	0	0	0	0	0	0		
563	1		1	Spell	3665	0	0	0	0	0	0		
564	21		1	Spell	1320	0	0	0	0	0	0		
565	1		1	Spell	3664	0	0	0	0	0	0		
566	1		1	Spell	3667	0	0	0	0	0	0		
567	21		1	Spell	1331	0	0	0	0	0	0		
568	21		1	Spell	1321	0	0	0	0	0	0		
569	21		1	Spell	1337	0	0	0	0	0	0		
570	21		1	Spell	1336	0	0	0	0	0	0		
571	21		1	Spell	1713	0	0	0	0	0	0		
572	21		1	Spell	1906	0	0	0	0	0	0		
573	10		0	Spell	262144	4227088	1	0	0	0	0	100	
574	1		1	Spell	1736	0	0	0	0	0	0		
575	1		1	Spell	1742	0	0	0	0	0	0		
576	1		1	Spell	1741	0	0	0	0	0	0		
577	1		1	Spell	1737	0	0	0	0	0	0		
578	1		1	Spell	1743	0	0	0	0	0	0		
579	21		1	Spell	1714	0	0	0	0	0	0		
580	21		1	Spell	1744	0	0	0	0	0	0		
581	89		1	Spell	20	0	0	0	0	0	0		
582	1		1	Spell	1767	0	0	0	0	0	0		
583	1		1	Spell	3663	0	0	0	0	0	0		
584	1		1	Spell	1764	0	0	0	0	0	0		
585	1		1	Spell	1765	8388608	0	0	0	0	0		
586	1		1	Spell	1260	0	0	0	0	0	0		
587	1		1	Spell	1482	0	0	0	0	0	0		
588	1		1	Spell	1264	0	0	0	0	0	0		
589	1		1	Spell	1478	0	0	0	0	0	0		
590	1		1	Spell	1266	0	0	0	0	0	0		
591	1		1	Spell	1479	0	0	0	0	0	0		
592	21		1	Spell	1256	8388608	0	0	0	0	0		
593	1		1	Spell	1272	0	0	0	0	0	0		
594	21		1	Spell	1480	0	0	0	0	0	0		
595	21		1	Spell	1431	0	0	0	0	0	0		
596	1		1	Spell	1274	0	0	0	0	0	0		
597	21		1	Spell	1276	0	0	0	0	0	0		
598	21		1	Spell	1434	0	0	0	0	0	0		
599	21		1	Spell	1316	0	0	0	0	0	0		
600	1		1	Spell	2497	8388608	0	0	0	0	0		
601	1		1	Spell	2497	8388608	0	0	0	0	0		
602	1		1	Spell	1490	8388608	0	0	0	0	0		
603	21		1	Spell	2527	8388608	0	0	0	0	0		
604	1		1	Spell	1496	8388608	0	0	0	0	0		
605	1		1	Spell	1501	0	0	0	0	0	0		
606	1		1	Spell	1490	8388608	0	0	0	0	0		
607	116		1	Spell	1	8388608	0	0	0	0	0		
608	1		1	Spell	640	8388608	0	0	0	0	0		
609	1		1	Spell	3741	8388608	0	0	0	0	0		
610	48		1	Spell	5760	8388608	0	0	0	0	0		
611	1		1	Spell	1497	8388608	0	0	0	0	0		
612	1		1	Spell	1496	8388608	0	0	0	0	0		
613	1		1	Spell	1498	8388608	0	0	0	0	0		
614	21		1	Spell	1499	8388608	0	0	0	0	0		
615	1		0	Spell	2515	8388608	1	0	0	0	0		
616	1		1	Spell	3762	8388608	1	0	0	0	0		
617	1		1	Spell	2520	0	0	0	0	0	0		
618	1		1	Spell	1439	0	0	0	0	0	0		
619	21		1	Spell	1440	0	0	0	0	0	0		
620	1		1	Spell	1441	0	0	0	0	0	0		
621	1		1	Spell	1439	0	0	0	0	0	0		
622	1		1	Spell	2509	0	0	0	0	0	0		
623	1		1	Spell	1500	0	0	0	0	0	0		
624	21		1	Spell	1476	0	0	0	0	0	0		
625	1		1	Spell	2509	0	0	0	0	0	0		
626	23		0	Spell	33554432	281034760	30	0	0	25	0		
627	21		1	Spell	1562	8388608	0	0	0	0	0		
628	125		1	Spell	100	8388608	0	0	0	1	0		
629	1		1	Spell	1529	8388608	0	0	0	0	0		
630	110		1	Spell	2052	8392704	0	0	0	0	0		
631	0		0	Spell	0	0	0	0	0	0	0		
632	0		0	Spell	0	0	0	0	0	0	0		
633	2		0	Spell	1014	96	1	0	0	1	0		
634	2		0	Spell	10	96	25	5	0	0	0		
635	2		0	Spell	2011	96	35	5	0	1	0		
636	2		0	Spell	3015	8390784	1	0	0	0	0		
637	128		0	Spell	2013	4398048608256	30	5	0	2	0		
638	11		0	Spell	134217728	20480	25	5	0	1	0		
639	2		0	Spell	2011	41959424	30	5	0	1	0		
640	2		0	Spell	1011	576	40	5	0	1	0		
641	2		0	Spell	1005	8388704	15	5	0	3	0		
642	2		0	Spell	10	2199023255616	2	0	0	5	0		
643	82		1	Spell	37	8388608	0	0	0	0	0		
644	2		0	Spell	1004	128	35	0	0	0	0		
645	2		0	Spell	1008	8388752	30	5	0	1	0		
646	2		0	Spell	1013	274877906944	25	5	0	0	0		
647	128		0	Spell	100	17170560	30	0	0	3	0		
648	2		0	Spell	2011	96	5	1	0	3	0		
649	2		0	Spell	2016	96	30	5	0	1	0		
650	148		0	Spell	4096	128	30	0	0	2	1		
651	2		0	Spell	2008	576	5	1	0	3	0		
652	2		0	Spell	1012	8598341760	30	5	0	0	0		
653	2		0	Spell	1007	8390784	2	0	0	6	0		
654	148		0	Spell	32768	16384	30	0	0	7	1		
655	2		0	Spell	1012	268435528	30	5	0	1	0		
656	11		0	Spell	536870912	4398057013248	23	2	0	3	0		
657	2		0	Spell	1002	17188262016	25	5	0	1	0		
658	1		0	Spell	297	8388608	5	0	0	0	0		
659	2		0	Spell	2012	96	25	5	0	1	0		
660	128		0	Spell	2013	4398048608256	30	5	0	4	2		
661	81		0	Spell	7	0	0	0	0	0	0		
662	147		0	Spell	1	640	30	0	0	7	1		
663	2		0	Spell	1014	2199023255616	25	5	0	1	0		
664	2		0	Spell	2023	549755813888	25	5	0	0	0		
665	48		1	Spell	4	8388608	0	0	0	0	0		
666	27		0	Spell	999	8536192	100	0	0	0	0		
667	13		0	Spell	15	537526400	25	5	0	1	0		
668	2		0	Spell	1005	2305843009222623360	25	5	0	1	0		
669	109		0	Spell	9	274877907008	25	5	0	0	0		
670	2		0	Spell	2012	17179873376	25	5	0	1	0		
671	3		0	Spell	100	4224	25	5	0	0	0		
672	23		0	Spell	72057594037927936	8405120	0	0	0	0	0		
673	147		0	Spell	2097152	545919104	30	0	0	1	1		
674	147		0	Spell	8	96	30	0	0	5	1		
675	22		1	Spell	0	8388608	0	0	0	0	0		
676	42		1	Spell	13	0	0	0	0	0	0		
677	2		0	Spell	2020	2176	100	0	0	1	0		
678	42		1	Spell	7	0	0	0	0	0	0		
679	2		0	Spell	12	2199023255616	30	0	0	3	1		
680	2		0	Spell	14	1099580833792	20	5	0	0	0		
681	2		0	Spell	1019	17592194433088	30	5	0	1	0		
682	74		0	Spell	1013	9064576	28	1	0	1	0		
683	2		0	Spell	2013	64	25	5	0	0	0		
684	7		0	Spell	2003	8320	10	5	0	2	1		
685	2		0	Spell	2001	17188262016	25	5	0	1	1		
686	1		0	Spell	298	8388608	5	0	0	0	0		
687	2		0	Spell	15	96	50	0	0	3	1		
688	91		1	Spell	2012	96	0	0	0	0	0		
689	2		0	Spell	2012	96	25	5	0	1	0		
690	2		0	Spell	2018	576460752303423584	15	5	0	1	0		
691	2		0	Spell	10	96	0	0	0	6	0		
692	2		0	Spell	3016	2882303761517117616	25	5	0	1	0		
693	2		0	Spell	1	135328	0	0	0	9	0		
694	2		0	Spell	1007	576	50	0	0	7	1		
695	134		0	Spell	5	8598325376	20	0	0	0	0		
696	2		0	Spell	8	70368747323456	0	0	0	0	0	100	
697	2		0	Spell	20	3145792	0	0	0	0	0	10	
698	2		0	Spell	150	549755813888	100	0	0	1	0		
699	3		0	Spell	25	2305843009213694016	35	0	0	7	0		
700	601		0	Spell	261	8519808	35	5	0	1	0		
701	2		0	Spell	1006	2305843009222623360	25	5	0	7	1		
702	2		0	Spell	1013	274877906944	25	5	0	0	0		
703	147		0	Spell	64	8396928	30	0	0	3	1		
704	1		0	Spell	297	8388608	0	1	0	0	0		
705	168		1	Spell	10	8388608	0	0	0	0	0		
706	2		0	Spell	1011	96	5	1	0	15	0		
707	81		0	Spell	34	0	0	0	0	0	0		
708	81		1	Spell	16	8388608	0	0	0	0	0		
709	2		0	Spell	1003	136	20	5	0	3	1		
710	2		0	Spell	1020	549764202496	30	0	0	4	1		
711	57		1	Spell	999	8405120	0	0	0	0	0		
712	2		0	Spell	10	17592194433152	25	5	0	1	0		
713	81		1	Spell	14	8388608	0	0	0	0	0		
714	74		0	Spell	1017	9048192	27	1	0	2	0		
715	2		0	Spell	1052	8388672	30	5	0	1	0		
716	72		0	Spell	5025	36028797564752000	25	5	0	1	0		
717	1		0	Spell	448	8388608	5	0	0	0	0		
718	81		0	Spell	25	0	0	0	0	0	0		
719	153		1	Spell	2	8388608	0	0	0	0	0		
720	91		1	Spell	2020	2176	0	0	0	0	0		
721	2		0	Spell	2020	2176	100	0	0	1	0		
722	153		1	Spell	3	8388608	0	0	0	0	0		
723	2		0	Spell	18	1099511627776	30	0	0	0	12		
724	41		1	Spell	8	8405632	0	0	0	0	0		
725	153		1	Spell	0	8388608	0	0	0	0	0		
726	81		0	Spell	11	0	0	0	0	0	0		
727	153		1	Spell	1	8388608	0	0	0	0	0		
728	81		0	Spell	102	563499711332352	0	0	0	0	0		
729	2		0	Spell	1014	17592194433088	25	5	0	0	0		
730	146		0	Spell	262144	528512	30	0	0	7	2		
731	11		0	Spell	256	16777216	0	0	0	0	0	100	
732	23		0	Spell	17179869184	536887296	0	0	0	0	0	100	
733	2		0	Spell	1013	274877906944	25	5	0	0	0		
734	146		0	Spell	64	8396928	30	0	0	6	3		
735	91		1	Spell	1001	8396928	0	0	0	0	0		
736	7		0	Spell	1001	8320	100	0	0	1	0		
737	38		1	Spell	297	8388608	0	0	0	0	0		
738	2		0	Spell	1004	17188262016	25	0	0	50	0		
739	81		0	Spell	12	0	0	0	0	0	0		
740	2		0	Spell	3029	96	100	0	0	1	0		
741	81		1	Spell	41	8388608	0	0	0	0	0		
742	81		1	Spell	47	41943040	0	0	0	0	0		
743	134		0	Spell	1003	8598325376	25	0	0	0	0		
744	81		0	Spell	103	0	0	0	0	0	0		
745	81		0	Spell	3	8388608	0	0	0	0	0		
746	74		0	Spell	1011	9048192	20	2	0	3	1		
747	81		0	Spell	122	0	1	0	0	1	0		
748	91		1	Spell	1015	16480	0	0	0	0	0	10	
749	2		0	Spell	1015	96	0	0	0	1	0		
750	2		0	Spell	2005	96	15	5	0	50	0		
751	42		1	Spell	4	0	0	0	0	0	0		
752	134		0	Spell	1	8598325376	30	0	0	100	0		
753	2		0	Spell	1007	576	15	5	0	50	5		
754	42		1	Spell	10	8388608	0	0	0	0	0		
755	42		1	Spell	20	0	0	0	0	0	0		
756	81		1	Spell	79	8388608	0	0	0	0	0		
757	91		1	Spell	150	549764202496	0	0	0	0	0		
758	2		0	Spell	150	549755813888	100	0	0	1	0		
759	164		1	Spell	250	8388608	0	0	0	0	0		
760	23		0	Spell	16384	8404992	0	0	0	0	0		
761	2		0	Spell	15	549764202497	1	0	0	0	0		
762	11		0	Spell	16384	70368752582656	20	0	0	0	0		
763	2		0	Spell	5030	8405120	1	0	0	0	0		
764	10		0	Spell	274877906944	8404996	0	0	0	0	0		
765	10		0	Spell	4	8404992	0	0	0	0	0		
766	23		0	Spell	35184372088832	8404992	0	0	0	0	0		
767	10		0	Spell	288230376151711744	8404992	0	0	0	0	0		
768	10		0	Spell	16	8404996	0	0	0	0	0		
769	23		0	Spell	4398046511104	8405120	0	0	0	0	0		
770	11		0	Spell	512	16416	30	0	0	0	0		
771	10		0	Spell	4096	8404992	0	0	0	0	0		
772	10		0	Spell	1024	8404992	0	0	0	0	0		
773	10		0	Spell	262144	8404992	0	0	0	0	0		
774	10		0	Spell	549755813888	41959424	0	0	0	0	0		
775	11		0	Spell	134217728	41947136	25	5	0	3	1		
776	23		0	Spell	65536	8404992	0	0	0	0	0		
777	10		0	Spell	2048	8404992	0	0	0	0	0		
778	164		1	Spell	200	8388608	0	0	0	0	0		
779	10		0	Spell	65536	8404996	0	0	0	0	0		
780	138		0	Spell	10	8388736	15	0	0	1	0		
781	23		0	Spell	1	8404992	10	0	0	1	0		
782	67		0	Spell	3	8409216	25	0	0	0	0		
783	10		0	Spell	2147483648	12599300	10	0	0	1	0		
784	162		0	Spell	2000	8405120	0	0	0	0	0		
785	23		0	Spell	4398046511104	12599424	20	0	0	1	0		
786	10		0	Spell	1024	12582912	15	0	0	1	0		
787	2		0	Spell	1010	140737488355424	0	0	0	7	0		
788	23		1	Spell	67108864	8929280	0	0	0	0	0		
789	10		0	Spell	8	4194304	15	0	0	1	1		
790	81		0	Spell	71	0	0	0	0	0	0		
791	10		0	Spell	4096	12582912	15	0	0	1	0		
792	11		0	Spell	268435456	8405504	25	0	0	1	0		
793	10		0	Spell	2048	12582912	15	0	0	1	0		
794	10		0	Spell	268435456	8404996	0	0	0	0	0		
795	11		0	Spell	16384	70368752582656	25	0	0	5	0		
796	10		0	Spell	134217728	8404992	10	0	0	1	0		
797	23		0	Spell	35184372088832	12582912	15	0	0	1	1		
798	10		0	Spell	16	8388612	10	0	0	1	0		
799	166		0	Spell	361	536870912	10	0	0	1	0		
800	3		0	Spell	5010	545935488	35	0	0	1	0		
801	23		0	Spell	8	8404996	10	0	0	1	0		
802	23		0	Spell	8796093022208	4303372416	0	0	0	0	0		
803	23		0	Spell	4398046511104	12599424	20	0	0	1	1		
804	11		0	Spell	512	16416	30	0	0	1	0		
805	2		0	Spell	1003	0	30	5	0	3	1		
806	10		0	Spell	2680059592704	8404996	0	0	0	0	0		
807	10		0	Spell	262144	8404992	15	0	0	1	0		
808	11		0	Spell	68719476736	8392704	30	0	0	1	0		
809	609		0	Spell	299	41959424	25	0	0	1	0		
810	42		1	Spell	3	8388608	0	0	0	0	0		
811	23		0	Spell	65536	12582912	10	0	0	1	0		
812	10		0	Spell	65536	8404996	15	0	0	1	0		
813	10		0	Spell	481036338176	8404996	0	0	0	0	0		
814	138		0	Spell	5	8388736	30	0	0	6	0		
815	11		0	Spell	32	25427968	0	0	0	0	0	100	
816	42		1	Spell	9	8388608	0	0	0	0	0		
817	37		1	Spell	-4	0	0	0	0	0	0		
818	10		0	Spell	7168	8404992	0	0	0	0	0		
819	10		0	Spell	16	8388612	15	0	0	1	1		
820	1		0	Spell	-9	8388608	0	0	0	0	0		
821	23		0	Spell	17179869184	545275908	0	0	0	0	0		
822	11		0	Spell	4294967296	8409092	16	2	0	1	0		
823	10		0	Spell	4	12582912	15	0	0	17	1		
824	81		0	Spell	115	0	0	0	0	0	0		
825	164		1	Spell	350	8388608	0	0	0	0	0		
826	10		0	Spell	4096	12582912	15	0	0	17	1		
827	2		0	Spell	2012	36028797027369120	30	0	0	0	0		
828	81		0	Spell	97	0	0	0	0	0	0		
829	10		0	Spell	8	4194304	15	0	0	17	1		
830	81		0	Spell	1	0	0	0	0	0	0		
831	10		0	Spell	2680059592704	8404996	10	0	0	1	0		
832	11		0	Spell	268435456	8651264	25	0	0	2	1		
833	10		0	Spell	1024	12582912	15	0	0	17	1		
834	2		0	Spell	999	10489860	25	0	0	1	0		
835	10		0	Spell	65536	8404996	15	0	0	0	1		
836	10		0	Spell	2048	12582912	15	0	0	17	1		
837	2		0	Spell	1012	70368752566336	15	5	0	4	1		
838	10		0	Spell	268435456	8404996	10	0	0	1	0		
839	96		0	Spell	5020	8405120	15	0	0	0	0		
840	42		1	Spell	5	0	0	0	0	0	0		
841	67		0	Spell	2	8392832	25	0	0	2	2		
842	23		0	Spell	2	8404992	0	0	0	0	0		
843	103		0	Spell	1010	545276032	30	0	0	0	0		
844	7		0	Spell	2011	36028797027377280	30	0	0	0	0		
845	23		0	Spell	35184372088832	12582912	15	0	0	17	1		
846	81		1	Spell	46	0	0	0	0	0	0		
847	81		0	Spell	97	0	0	0	0	0	0		
848	23		0	Spell	4398046511104	12599424	20	0	0	17	1		
849	11		0	Spell	4096	8409088	20	0	0	0	0		
850	42		1	Spell	16	0	0	0	0	0	0		
851	2		0	Spell	1006	41959584	30	0	0	1	0		
852	81		0	Spell	81	0	0	0	0	0	0		
853	2		0	Spell	2008	36028797564240512	20	5	0	0	0		
854	1		1	Spell	1983	0	0	0	0	0	0		
855	10		0	Spell	268435456	8404996	15	0	0	0	1		
856	164		1	Spell	300	8388608	0	0	0	0	0		
857	11		0	Spell	2199023255552	8388608	0	0	0	0	0	100	
858	99		0	Spell	999	8388740	30	0	0	1	0		
859	1		1	Spell	924	0	0	0	0	0	0		
860	23		0	Spell	1	12599296	15	0	0	16	1		
861	28		0	Spell	999	8409232	25	0	0	0	0		
862	10		0	Spell	274877906944	140737500954624	0	0	0	0	0	100	
863	23		0	Spell	2048	8404992	0	0	0	0	0		
864	81		0	Spell	77	0	0	0	0	0	0		
865	10		0	Spell	16	12582916	15	0	0	17	1		
866	44		1	Spell	1	545783812	0	0	0	0	0		
867	10		0	Spell	2147483648	12599300	10	0	0	10	0		
868	7		0	Spell	3019	36028797027377280	30	0	0	0	0		
869	23		0	Spell	8796093022208	4307566720	10	0	0	1	0		
870	10		0	Spell	1073741824	4303372416	0	0	0	0	0		
871	23		0	Spell	70368744177664	4194304	15	0	0	17	1		
872	82		1	Spell	139	0	0	0	0	0	0		
873	23		0	Spell	134217728	16384	0	0	0	0	0		
874	10		0	Spell	8	4194304	0	0	0	0	0	100	
875	23		0	Spell	65536	12582912	15	0	0	16	1		
876	609		0	Spell	299	41959424	25	0	0	0	2		
877	11		0	Spell	68719476736	8392704	30	0	0	0	2		
878	10		0	Spell	2680059592708	8404992	15	0	0	17	1		
879	84		1	Spell	129	0	0	0	0	0	0		
880	81		1	Spell	28	8388608	0	0	0	0	0		
881	10		0	Spell	65536	12582916	15	0	0	17	1		
882	82		1	Spell	113	8388608	0	0	0	0	0		
883	11		0	Spell	2	8650752	0	0	0	0	0	100	
884	23		0	Spell	1	12582912	0	0	0	0	0	100	
885	82		1	Spell	142	8388608	0	0	0	0	0		
886	2		0	Spell	3	10485888	0	0	0	0	0	100	
887	54		0	Spell	2222	546197508	25	0	0	0	0		
888	1		0	Spell	-9	0	0	0	0	0	0		
889	10		0	Spell	16	12582916	0	0	0	0	0	100	
890	23		0	Spell	4398046511104	12599424	0	0	0	0	0	100	
891	82		1	Spell	130	8388608	0	0	0	0	0		
892	11		0	Spell	512	16416	30	0	0	10	0		
893	10		0	Spell	4096	12582912	0	0	0	0	0	100	
894	2		0	Spell	2010	140737488355424	0	0	0	40	0		
895	23		0	Spell	65536	12582912	0	0	0	0	0	100	
896	10		0	Spell	262144	8404992	20	0	0	7	1		
897	2		0	Spell	999	25165828	30	0	0	3	0		
898	10		0	Spell	1024	12582912	0	0	0	0	0	100	
899	10		0	Spell	268435456	8404996	15	0	0	16	1		
900	10		0	Spell	65536	12582916	0	0	0	0	0	100	
901	63		1	Spell	24	8388608	0	0	0	0	0		
902	70		1	Spell	-25175	8388608	0	0	0	0	0		
903	10		0	Spell	2048	12582912	0	0	0	0	0	100	
904	28		0	Spell	999	25428112	0	0	0	0	0	100	
905	36		0	Spell	999	36028797027373184	30	0	0	0	0		
906	54		0	Spell	549	546197508	25	0	0	4	2		
907	10		0	Spell	2147483648	12599300	0	0	0	0	0	100	
908	81		1	Spell	118	8388608	0	0	0	0	0		
909	23		0	Spell	8796093022208	4307566720	15	0	0	16	1		
910	10		0	Spell	268435584	12582916	0	0	0	0	0	100	
911	10		0	Spell	268436480	12582916	0	0	0	0	0	100	
912	10		0	Spell	335544320	12582916	0	0	0	0	0	100	
913	81		1	Spell	126	8388608	0	0	0	0	0		
914	133		0	Spell	104	8392704	0	0	0	0	0		
915	34		1	Spell	0	8388608	0	0	0	0	0		
916	81		1	Spell	56	8388608	0	0	0	0	0		
917	11		0	Spell	4297064448	17592194711556	0	0	0	0	0	100	
918	166		0	Spell	361	536887296	0	0	0	0	0	50	
919	1		1	Spell	2526	0	0	0	0	0	0		
920	11		0	Spell	64	8404992	20	0	0	1	0		
921	68		1	Spell	403	8388608	0	0	0	0	0		
922	1		1	Spell	1064	8388608	0	0	0	0	0		
923	1		1	Spell	2185	0	0	0	0	0	0		
924	11		0	Spell	2	8404992	50	0	0	0	0		
925	21		1	Spell	434	8388608	0	0	0	0	0		
926	1		1	Spell	2225	0	0	0	0	0	0		
927	43		0	Spell	517	0	5	0	0	0	0		
928	23		0	Spell	8192	16384	0	0	0	0	0		
929	23		0	Spell	524288	41959424	0	0	0	0	0		
930	1		1	Spell	2135	0	0	0	0	0	0		
931	1		1	Spell	676	8388608	0	0	0	0	0		
932	1		1	Spell	361	0	0	0	0	0	0		
933	1		1	Spell	2976	41943040	0	0	0	0	0		
934	1		1	Spell	2226	0	0	0	0	0	0		
935	1		1	Spell	284	0	0	0	0	0	0		
936	1		1	Spell	403	0	0	0	0	0	0		
937	82		1	Spell	138	8388608	0	0	0	0	0		
938	23		0	Spell	262144	16384	0	0	0	0	0		
939	1		0	Spell	3719	0	1	0	0	0	0		
940	1		1	Spell	524	0	0	0	0	0	0		
941	1		0	Spell	3727	0	1	0	0	0	0		
942	37		1	Spell	517	0	0	0	0	0	0		
943	1		1	Spell	1412	0	0	0	0	0	0		
944	1		0	Spell	3735	8388608	1	0	0	0	0		
945	1		1	Spell	438	41943040	0	0	0	0	0		
946	1		1	Spell	2231	0	0	0	0	0	0		
947	1		1	Spell	2512	0	0	0	0	0	0		
948	23		0	Spell	4096	8404992	0	0	0	0	0		
949	1		0	Spell	3743	8388608	1	0	0	0	0		
950	1		1	Spell	2514	8388608	0	0	0	0	0		
951	23		0	Spell	128	8404992	0	0	0	0	0		
952	48		1	Spell	5	8388608	0	0	0	0	0		
953	1		1	Spell	533	8388608	0	0	0	0	0		
954	21		1	Spell	185	8388608	0	0	0	0	0		
955	1		1	Spell	694	0	0	0	0	0	0		
956	1		1	Spell	628	0	0	0	0	0	0		
957	1		1	Spell	1140	0	0	0	0	0	0		
958	1		1	Spell	3009	0	0	0	0	0	0		
959	37		1	Spell	284	0	0	0	0	0	0		
960	1		1	Spell	1063	41943040	0	0	0	0	0		
961	1		1	Spell	578	0	0	0	0	0	0		
962	1		1	Spell	-26	0	0	0	0	0	0		
963	1		0	Spell	3625	8388608	5	0	0	0	0		
964	1		0	Spell	3658	0	0	0	0	0	0		
965	1		1	Spell	523	0	0	0	0	0	0		
966	1		1	Spell	2854	41943040	0	0	0	0	0		
967	1		1	Spell	520	0	0	0	0	0	0		
968	1		1	Spell	3991	0	0	0	0	0	0		
969	1		1	Spell	2131	0	0	0	0	0	0		
970	43		0	Spell	815	41943040	0	0	0	0	0		
971	48		1	Spell	2	8388608	0	0	0	0	0		
972	1		1	Spell	579	0	0	0	0	0	0		
973	1		1	Spell	565	41943040	0	0	0	0	0		
974	1		1	Spell	522	0	0	0	0	0	0		
975	81		0	Spell	40	8404992	0	0	0	0	0		
976	1		1	Spell	442	8388608	0	0	0	0	0		
977	126		0	Spell	393	8388608	0	0	0	0	0		
978	7		0	Spell	50	278937736	25	0	0	0	0		
979	1		1	Spell	3712	0	0	0	0	0	0		
980	1		1	Spell	2132	0	0	0	0	0	0		
981	1		1	Spell	362	0	0	0	0	0	0		
982	1		1	Spell	2196	0	0	0	0	0	0		
983	1		1	Spell	514	0	0	0	0	0	0		
984	23		0	Spell	1048576	8404992	0	0	0	0	0		
985	1		0	Spell	3657	0	0	0	0	0	0		
986	48		1	Spell	7	0	0	0	0	0	0		
987	1		0	Spell	3624	8388608	5	0	0	0	0		
988	21		1	Spell	3911	0	0	0	0	0	0		
989	1		1	Spell	3890	0	0	0	0	0	0		
990	1		1	Spell	3903	0	0	0	0	0	0		
991	43		0	Spell	527	0	0	0	0	0	0		
992	1		0	Spell	3716	0	1	0	0	0	0		
993	1		1	Spell	515	0	0	0	0	0	0		
994	1		0	Spell	3724	0	1	0	0	0	0		
995	1		1	Spell	513	0	0	0	0	0	0		
996	49		1	Spell	100	0	0	0	0	0	0		
997	135		1	Spell	100	0	0	0	0	0	0		
998	21		1	Spell	620	0	0	0	0	0	0		
999	48		1	Spell	51	41943040	0	0	0	0	0		
1000	1		0	Spell	3732	8388608	1	0	0	0	0		
1001	1		1	Spell	564	8388608	0	0	0	0	0		
1002	1		1	Spell	511	0	0	0	0	0	0		
1003	21		1	Spell	1226	8388608	0	0	0	0	0		
1004	1		1	Spell	1227	8388608	0	0	0	0	0		
1005	1		0	Spell	3740	8388608	1	0	0	0	0		
1006	1		1	Spell	512	0	0	0	0	0	0		
1007	1		1	Spell	518	0	0	0	0	0	0		
1008	1		1	Spell	674	8388608	0	0	0	0	0		
1009	3		0	Spell	2023	8404992	25	0	0	0	0		
1010	43		0	Spell	528	0	0	0	0	0	0		
1011	21		1	Spell	998	8388608	0	0	0	0	0		
1012	115		1	Spell	999	8388608	0	0	0	0	0		
1013	1		1	Spell	736	8388608	0	0	0	0	0		
1014	81		0	Spell	88	0	0	0	0	0	0		
1015	1		1	Spell	932	0	0	0	0	0	0		
1016	1		1	Spell	2219	0	0	0	0	0	0		
1017	98		1	Spell	1	0	0	0	0	0	0		
1018	1		1	Spell	2130	0	0	0	0	0	0		
1019	82		1	Spell	99	8388608	0	0	0	0	0		
1020	82		1	Spell	120	8388608	0	0	0	0	0		
1021	1		0	Spell	3626	8388608	5	0	0	0	0		
1022	21		1	Spell	3891	0	0	0	0	0	0		
1023	1		1	Spell	3901	0	0	0	0	0	0		
1024	21		1	Spell	559	0	0	0	0	0	0		
1025	1		1	Spell	814	0	0	0	0	0	0		
1026	21		1	Spell	2626	0	0	0	0	0	0		
1027	1		1	Spell	1381	0	0	0	0	0	0		
1028	21		1	Spell	1040	41943040	0	0	0	0	0		
1029	81		0	Spell	78	41943040	1	0	0	0	0		
1030	21		1	Spell	580	8388608	0	0	0	0	0		
1031	21		1	Spell	1477	8388608	0	0	0	0	0		
1032	1		1	Spell	2230	0	0	0	0	0	0		
1033	21		1	Spell	519	0	0	0	0	0	0		
1034	48		1	Spell	55	8388608	0	0	0	0	0		
1035	82		1	Spell	117	8388608	0	0	0	0	0		
1036	21		1	Spell	329	8388608	0	0	0	0	0		
1037	1		1	Spell	566	8388608	0	0	0	0	0		
1038	21		1	Spell	2220	0	0	0	0	0	0		
1039	1		1	Spell	2229	0	0	0	0	0	0		
1040	1		0	Spell	592	0	1	0	0	0	0		
1041	1		1	Spell	394	0	0	0	0	0	0		
1042	42		1	Spell	8	0	0	0	0	0	0		
1043	21		1	Spell	609	0	0	0	0	0	0		
1044	21		1	Spell	3904	0	0	0	0	0	0		
1045	21		1	Spell	345	0	0	0	0	0	0		
1046	1		0	Spell	3717	0	1	0	0	0	0		
1047	1		0	Spell	3725	0	1	0	0	0	0		
1048	1		1	Spell	1234	41943040	0	0	0	0	0		
1049	1		0	Spell	3733	8388608	1	0	0	0	0		
1050	1		1	Spell	1290	0	0	0	0	0	0		
1051	1		0	Spell	3741	8388608	1	0	0	0	0		
1052	21		1	Spell	439	0	0	0	0	0	0		
1053	21		1	Spell	491	8388608	0	0	0	0	0		
1054	21		1	Spell	181	8388608	0	0	0	0	0		
1055	68		1	Spell	403	0	0	0	0	0	0		
1056	21		1	Spell	931	0	0	0	0	0	0		
1057	1		1	Spell	3684	0	0	0	0	0	0		
1058	81		1	Spell	75	8388608	0	0	0	0	0		
1059	63		1	Spell	9	41943040	0	0	0	0	0		
1060	1		0	Spell	3627	8388608	5	0	0	0	0		
1061	501		1	Spell	1086	0	0	0	0	0	0		
1062	89		1	Spell	8	0	0	0	0	0	0		
1063	81		1	Spell	80	8388608	0	0	0	0	0		
1064	89		1	Spell	7	0	0	0	0	0	0		
1065	89		1	Spell	6	41943040	0	0	0	0	0		
1066	81		1	Spell	52	41943040	0	0	0	0	0		
1067	50		1	Spell	3741	8388608	0	0	0	0	0		
1068	89		1	Spell	4	8388608	0	0	0	0	0		
1069	62		1	Spell	392	0	0	0	0	0	0		
1070	81		1	Spell	33	8388608	0	0	0	0	0		
1071	89		1	Spell	9	0	0	0	0	0	0		
1072	93		1	Spell	994	0	0	0	0	0	0		
1073	23		1	Spell	1073741824	8388608	0	0	0	0	0		
1074	11		0	Spell	64	8650752	20	0	0	2	2		
1075	21		1	Spell	627	0	0	0	0	0	0		
1076	1		1	Spell	2251	0	0	0	0	0	0		
1077	1		1	Spell	521	8388608	0	0	0	0	0		
1078	38		1	Spell	189	8388608	0	0	0	0	0		
1079	1		1	Spell	533	0	0	0	0	0	0		
1080	76		1	Spell	10	0	0	0	0	0	0		
1081	1		1	Spell	925	0	0	0	0	0	0		
1082	81		1	Spell	24	0	0	0	0	0	0		
1083	81		1	Spell	90	0	0	0	0	0	0		
1084	1		1	Spell	534	0	0	0	0	0	0		
1085	1		1	Spell	2321	0	0	0	0	0	0		
1086	10		0	Spell	64	12582912	15	0	0	3	1		
1087	1		1	Spell	313	0	0	0	0	0	0		
1088	1		1	Spell	982	0	0	0	0	0	0		
1089	1		1	Spell	475	0	0	0	0	0	0		
1090	10		0	Spell	64	12582912	15	0	0	17	1		
1091	1		1	Spell	476	0	0	0	0	0	0		
1092	1		1	Spell	314	0	0	0	0	0	0		
1093	1		1	Spell	3831	0	0	0	0	0	0		
1094	10		0	Spell	64	12582912	0	0	0	0	0	100	
1095	81		1	Spell	20	8388608	0	0	0	0	0		
1096	1		1	Spell	532	0	0	0	0	0	0		
1097	21		1	Spell	471	8388608	0	0	0	0	0		
1098	1		1	Spell	760	0	0	0	0	0	0		
1099	1		1	Spell	531	0	0	0	0	0	0		
1100	81		1	Spell	51	8388608	0	0	0	0	0		
1101	1		1	Spell	781	8388608	0	0	0	0	0		
1102	21		1	Spell	1099	8388608	0	0	0	0	0		
1103	10		0	Spell	36028797018963968	8404992	0	0	0	0	0		
1104	10		0	Spell	4503599627370496	16384	0	0	0	0	0		
1105	10		0	Spell	4	16384	10	0	0	1	0		
1106	23		0	Spell	4	12583040	0	0	0	0	0		
1107	10		0	Spell	72057594037927936	8404992	0	0	0	0	0		
1108	10		0	Spell	144115188075855872	8404992	0	0	0	0	0		
1109	10		0	Spell	128	8388608	5	0	0	1	0		
1110	10		0	Spell	67108864	8404992	0	0	0	0	0		
1111	1		0	Spell	-2	8388608	5	0	0	0	0		
1112	1		0	Spell	-3	8388608	5	0	0	0	0		
1113	1		1	Spell	-2	8388608	0	0	0	0	0		
1114	10		0	Spell	4611686018427387904	8404992	0	0	0	0	0		
1115	13		0	Spell	10020	545259648	1	0	0	1	0		
1116	23		0	Spell	70368744177664	8404992	0	0	0	0	0		
1117	11		0	Spell	131072	8409088	15	0	0	0	1		
1118	10		0	Spell	8388608	4194304	10	0	0	1	0		
1119	10		0	Spell	131072	16384	0	0	0	0	0		
1120	23		0	Spell	32	41959424	0	0	0	0	0		
1121	10		0	Spell	8192	8404992	0	0	0	0	0		
1122	10		0	Spell	549755813888	16384	0	0	0	0	0		
1123	21		1	Spell	188	0	0	0	0	0	0		
1124	10		0	Spell	536870912	2533274803109888	10	0	0	1	0		
1125	23		0	Spell	4	12583040	15	0	0	0	1		
1126	10		0	Spell	32	545275904	0	0	0	0	0		
1127	10		0	Spell	1125899906842624	4194304	10	0	0	1	0		
1128	10		0	Spell	288230376151711744	8404992	15	0	0	1	0		
1129	23		0	Spell	36028797018963968	8405120	0	0	0	0	0		
1130	10		0	Spell	1024	12582912	15	0	0	1	0		
1131	23		0	Spell	32768	16384	0	0	0	0	0		
1132	2		0	Spell	1018	274877906944	40	5	0	0	0		
1133	10		0	Spell	562949953421312	4194304	10	0	0	1	0		
1134	10		0	Spell	131072	16384	10	0	0	1	0		
1135	10		0	Spell	2048	12582912	15	0	0	1	0		
1136	40		1	Spell	8	8405120	0	0	0	0	0		
1137	10		0	Spell	4096	12582912	15	0	0	1	0		
1138	1		1	Spell	817	8388608	0	0	0	0	0		
1139	10		0	Spell	128	12582912	15	0	0	1	1		
1140	23		0	Spell	268435456	8404992	0	0	0	0	0		
1141	23		0	Spell	137438953472	8404992	0	0	0	0	0		
1142	1		0	Spell	-2	8388608	5	0	0	0	0		
1143	21		1	Spell	396	0	0	0	0	0	0		
1144	10		0	Spell	32	549470208	15	0	0	1	0		
1145	13		0	Spell	10020	545259648	15	0	0	1	0		
1146	23		0	Spell	70368744177664	4194304	10	0	0	1	0		
1147	23		0	Spell	16777216	8405120	0	0	0	0	0		
1148	23		0	Spell	16	8405120	0	0	0	0	0		
1149	1		1	Spell	2134	8388608	0	0	0	0	0		
1150	10		0	Spell	4503599627370496	4194432	15	0	0	1	1		
1151	10		0	Spell	4	4194304	15	0	0	18	1		
1152	95		1	Spell	1	0	0	0	0	0	0		
1153	10		0	Spell	2251799813685248	12582912	15	0	0	1	0		
1154	10		0	Spell	18014398509481984	16384	0	0	0	0	0		
1155	1		1	Spell	2159	0	0	0	0	0	0		
1156	10		0	Spell	67108864	12582912	15	0	0	18	1		
1157	13		0	Spell	2	549585024	0	0	0	0	0	100	
1158	1		0	Spell	-3	8388608	5	0	0	0	0		
1159	23		1	Spell	4194304	814219268	0	0	0	0	0		
1160	1		1	Spell	452	0	0	0	0	0	0		
1161	10		0	Spell	536870912	2533274803109888	10	0	0	1	1		
1162	23		0	Spell	4	549453952	15	0	0	17	1		
1163	10		0	Spell	288230376151711744	12599296	15	0	0	18	1		
1164	10		0	Spell	1125899906842624	4194304	15	0	0	17	1		
1165	10		1	Spell	9007199254740992	8388608	0	0	0	0	0		
1166	23		0	Spell	36028797018963968	8405120	10	0	0	1	0		
1167	10		0	Spell	8388608	4194304	15	0	0	17	1		
1168	10		0	Spell	1024	12582912	15	0	0	18	1		
1169	10		0	Spell	562949953421312	4194304	15	0	0	18	1		
1170	10		0	Spell	2048	12599296	15	0	0	18	1		
1171	1		1	Spell	768	8388608	0	0	0	0	0		
1172	82		1	Spell	95	0	0	0	0	0	0		
1173	10		0	Spell	4096	12582912	15	0	0	18	1		
1174	81		0	Spell	2	41943040	0	0	0	0	0		
1175	81		0	Spell	85	0	0	0	0	0	0		
1176	10		0	Spell	128	12582912	15	0	0	17	1		
1177	10		0	Spell	524288	12582912	15	0	0	1	0		
1178	1		1	Spell	2368	8388608	0	0	0	0	0		
1179	23		1	Spell	8388608	8388608	0	0	0	0	0		
1180	30		1	Spell	1	8388608	0	0	0	0	0		
1181	81		1	Spell	15	8388608	0	0	0	0	0		
1182	23		0	Spell	137438953472	8404992	15	0	0	1	0		
1183	1		1	Spell	189	0	0	0	0	0	0		
1184	1		0	Spell	-2	8388608	5	0	0	0	0		
1185	10		0	Spell	32	549470208	15	0	0	0	1		
1186	79		1	Spell	1	8388608	0	0	0	0	0		
1187	82		1	Spell	140	0	0	0	0	0	0		
1188	81		1	Spell	17	0	0	0	0	0	0		
1189	81		0	Spell	6	0	0	0	0	0	0		
1190	82		1	Spell	73	0	0	0	0	0	0		
1191	23		0	Spell	256	4194304	0	0	0	0	0	100	
1192	10		0	Spell	562949953421312	4194304	0	0	0	0	0	100	
1193	84		1	Spell	61	0	0	0	0	0	0		
1194	23		0	Spell	32	46153728	15	0	0	25	0		
1195	81		0	Spell	9	8388608	0	0	0	0	0		
1196	82		1	Spell	62	8388608	0	0	0	0	0		
1197	100		1	Spell	1	0	0	0	0	0	0		
1198	10		0	Spell	2251799813685248	12582912	15	0	0	16	1		
1199	81		1	Spell	35	8388608	0	0	0	0	0		
1200	1		1	Spell	474	8388608	0	0	0	0	0		
1201	100		1	Spell	2	0	0	0	0	0	0		
1202	100		1	Spell	3	0	0	0	0	0	0		
1203	2		0	Spell	999	8409104	25	0	0	0	0		
1204	82		1	Spell	64	8388608	0	0	0	0	0		
1205	81		0	Spell	4	17592731828352	0	0	0	0	0		
1206	1		1	Spell	535	0	0	0	0	0	0		
1207	1		1	Spell	1388	0	0	0	0	0	0		
1208	10		0	Spell	1125899906842624	4194304	0	0	0	0	0	100	
1209	81		0	Spell	84	8388608	0	0	0	0	0		
1210	84		1	Spell	66	8388608	0	0	0	0	0		
1211	81		0	Spell	45	8388608	0	0	0	0	0		
1212	11		0	Spell	4096	8409088	20	0	0	0	0		
1213	23		0	Spell	36028797018963968	8405120	15	0	0	2	1		
1214	82		1	Spell	67	0	0	0	0	0	0		
1215	10		0	Spell	8388608	4194304	0	0	0	0	0	100	
1216	82		1	Spell	60	0	0	0	0	0	0		
1217	10		0	Spell	131072	4194304	15	0	0	16	1		
1218	81		1	Spell	59	8388608	0	0	0	0	0		
1219	81		1	Spell	43	8388608	0	0	0	0	0		
1220	10		0	Spell	524288	12582912	15	0	0	16	1		
1221	84		1	Spell	105	8388608	0	0	0	0	0		
1222	81		1	Spell	48	0	0	0	0	0	0		
1223	10		0	Spell	67108864	12582912	0	0	0	0	0	100	
1224	81		0	Spell	21	0	0	0	0	0	0		
1225	81		1	Spell	54	0	0	0	0	0	0		
1226	152		1	Spell	1	8388608	0	0	0	0	0		
1227	37		1	Spell	-3	8388608	0	0	0	0	0		
1228	10		0	Spell	2097152	12713984	0	0	0	0	0	100	
1229	26		1	Spell	398	0	0	0	0	0	0		
1230	1		1	Spell	1235	41943040	0	0	0	0	0		
1231	10		0	Spell	32	545275904	15	0	0	16	1		
1232	10		0	Spell	16777216	12582912	0	0	0	0	0	100	
1233	114		1	Spell	11	0	0	0	0	0	0		
1234	81		1	Spell	30	8388608	0	0	0	0	0		
1235	23		0	Spell	16777216	8405120	15	0	0	1	1		
1236	82		1	Spell	114	0	0	0	0	0	0		
1237	23		0	Spell	16	12599424	15	0	0	1	1		
1238	23		0	Spell	36028797018963968	8405120	20	0	0	16	1		
1239	82		1	Spell	141	0	0	0	0	0	0		
1240	10		0	Spell	1024	12582912	0	0	0	0	0	100	
1241	10		0	Spell	4096	12582912	0	0	0	0	0	100	
1242	10		0	Spell	131072	4194304	0	0	0	0	0	100	
1243	10		0	Spell	2048	12582912	0	0	0	0	0	100	
1244	81		1	Spell	18	8388608	0	0	0	0	0		
1245	167		1	Spell	178	814219268	0	0	0	0	0		
1246	81		0	Spell	96	8388608	0	0	0	0	0		
1247	82		1	Spell	69	8388608	0	0	0	0	0		
1248	11		0	Spell	256	8392720	0	0	0	0	0	100	
1249	10		0	Spell	32	549453824	0	0	0	0	0	100	
1250	81		1	Spell	55	0	0	0	0	0	0		
1251	81		1	Spell	53	8388608	0	0	0	0	0		
1252	81		0	Spell	72	0	0	0	0	0	0		
1253	10		0	Spell	2251799813685248	12582912	0	0	0	0	0	100	
1254	81		0	Spell	83	8388608	0	0	0	0	0		
1255	84		1	Spell	132	8388608	0	0	0	0	0		
1256	81		1	Spell	19	8388608	0	0	0	0	0		
1257	37		1	Spell	-2	8388608	0	0	0	0	0		
1258	10		0	Spell	16784384	12599296	0	0	0	0	0	100	
1259	81		1	Spell	27	8388608	0	0	0	0	0		
1260	500		0	Spell	250	537399424	30	0	0	1	0		
1261	2		0	Spell	1015	549764202497	50	0	0	0	0		
1262	20		0	Spell	30	8404992	0	0	0	0	0		
1263	23		0	Spell	144115188075855872	8404992	0	0	0	0	0		
1264	23		0	Spell	288230376151711744	8404992	0	0	0	0	0		
1265	600		0	Spell	261	8536064	50	0	0	0	0		
1266	2		0	Spell	2020	2305843009490518152	30	0	0	1	0		
1267	11		0	Spell	256	8392704	25	0	0	0	0		
1268	97		0	Spell	5	8388736	50	0	0	1	0		
1269	11		0	Spell	1	545796096	25	0	0	1	0		
1270	128		0	Spell	100	8540288	15	0	0	0	0		
1271	10		0	Spell	2	4840767488	0	0	0	0	0		
1272	11		0	Spell	2	8404992	50	0	0	0	0		
1273	11		0	Spell	65536	16416	20	0	0	0	0		
1274	10		0	Spell	281474976710656	144115188088569856	10	0	0	1	0		
1275	3		0	Spell	5035	537481344	30	0	0	0	0		
1276	11		0	Spell	36028797018963968	8540160	10	0	0	0	0		
1277	82		1	Spell	36	0	0	0	0	0	0		
1278	15		0	Spell	1	12599424	0	0	0	0	0		
1279	2		0	Spell	1010	8540288	100	0	0	0	0		
1280	10		0	Spell	281474976710656	281474989424640	10	0	0	1	0		
1281	11		0	Spell	1024	545935488	35	0	0	0	0		
1282	11		0	Spell	128	8540160	30	0	0	0	0		
1283	48		1	Spell	0	0	0	0	0	0	0		
1284	160		1	Spell	15	0	0	0	0	0	0		
1285	161		1	Spell	1	0	0	0	0	0	0		
1286	2		0	Spell	3005	36028797556428928	30	0	0	1	0		
1287	10		0	Spell	67108864	8536064	25	0	0	1	0		
1288	160		1	Spell	10	8388608	0	0	0	0	0		
1289	48		1	Spell	6	8388608	0	0	0	0	0		
1290	97		0	Spell	1	8650880	30	0	0	1	2		
1291	82		1	Spell	36	8388608	0	0	0	0	0		
1292	10		0	Spell	2	4840751104	10	0	0	1	0		
1293	97		0	Spell	4	8654976	30	0	0	3	1		
1294	11		0	Spell	18014398509481984	17592194580480	25	0	0	0	0		
1295	11		0	Spell	65536	16416	30	0	0	0	1		
1296	10		0	Spell	281474976710656	144115188088569856	15	0	0	1	1		
1297	48		1	Spell	1	0	0	0	0	0	0		
1298	500		0	Spell	250	537399424	30	0	0	5	0		
1299	48		1	Spell	3	8388608	0	0	0	0	0		
1300	66		0	Spell	9042	8540288	100	0	0	0	0		
1301	21		1	Spell	473	8388608	0	0	0	0	0		
1302	82		1	Spell	36	8388608	0	0	0	0	0		
1303	19		1	Spell	1	8388608	0	0	0	0	0		
1304	53		1	Spell	999	9048064	0	0	0	0	0		
1305	4		0	Spell	3	8388736	30	0	0	2	1		
1306	10		0	Spell	281474976710656	281474989424640	15	0	0	1	1		
1307	10		0	Spell	256	140738037940352	20	0	0	1	0		
1308	10		0	Spell	256	281474989293696	20	0	0	1	1		
1309	11		0	Spell	17179869184	281474985119744	30	0	0	1	0		
1310	131		1	Spell	1	545259520	0	0	0	0	0		
1311	11		0	Spell	1024	545935488	35	0	0	1	1		
1312	10		0	Spell	140737488355328	8404992	0	0	0	0	0		
1313	2		0	Spell	5010	17188278400	20	5	0	0	0		
1314	10		0	Spell	281474976710656	144115188088569856	15	0	0	17	1		
1315	132		1	Spell	1	576460752840294400	0	0	0	0	0		
1316	112		1	Spell	20	160	0	0	0	0	0		
1317	42		1	Spell	2	8388608	0	0	0	0	0		
1318	11		0	Spell	36028797018963968	8540160	15	0	0	0	1		
1319	82		1	Spell	121	8388608	0	0	0	0	0		
1320	161		1	Spell	1	8388608	0	0	0	0	0		
1321	2		0	Spell	999	8540544	100	0	0	0	0		
1322	146		0	Spell	134217728	4160	30	0	0	0	1		
1323	28		0	Spell	999	277090440	25	0	0	1	0		
1324	29		0	Spell	999	281475001892864	20	0	0	0	0		
1325	10		0	Spell	281474976710656	281474989424640	15	0	0	18	1		
1326	81		0	Spell	92	0	1	0	0	0	0		
1327	39		1	Spell	1	8519680	0	0	0	0	0		
1328	11		0	Spell	17179869184	8540160	30	0	0	1	0		
1329	10		0	Spell	2	4840751104	15	0	0	1	1		
1330	82		1	Spell	134	8388608	0	0	0	0	0		
1331	82		1	Spell	135	8388608	0	0	0	0	0		
1332	83		1	Spell	136	8388608	0	0	0	0	0		
1333	83		1	Spell	137	8388608	0	0	0	0	0		
1334	28		0	Spell	999	8540288	100	0	0	0	0		
1335	92		1	Spell	2052	8388608	0	0	0	0	0		
1336	77		1	Spell	1	8388608	0	0	0	0	0		
1337	2		0	Spell	2010	2305843009490518152	30	0	0	0	2		
1338	64		1	Spell	1	545787904	0	0	0	0	0		
1339	81		1	Spell	10	0	0	0	0	0	0		
1340	81		0	Spell	13	8388608	0	0	0	0	0		
1341	10		0	Spell	140737488355328	8404992	15	0	0	1	1		
1342	11		0	Spell	17179870208	545935488	35	0	0	0	1		
1343	94		1	Spell	999	8392704	0	0	0	0	0		
1344	11		0	Spell	1024	545919104	30	0	0	25	0		
1345	84		1	Spell	111	0	0	0	0	0	0		
1346	81		1	Spell	26	0	0	0	0	0	0		
1347	81		1	Spell	32	0	0	0	0	0	0		
1348	81		1	Spell	93	8388608	0	0	0	0	0		
1349	39		1	Spell	1	8388608	0	0	0	0	0		
1350	15		0	Spell	1	12583040	0	0	0	0	0	100	
1351	11		0	Spell	8	545787904	25	0	0	1	0		
1352	81		1	Spell	29	8388608	0	0	0	0	0		
1353	10		0	Spell	281474976710656	281474989424640	0	0	0	0	0	100	
1354	29		0	Spell	999	8540288	25	0	0	0	0		
1355	11		0	Spell	17179869184	8540160	30	0	0	2	1		
1356	81		1	Spell	116	0	0	0	0	0	0		
1357	11		0	Spell	128	545927168	30	0	0	5	0		
1358	81		1	Spell	131	8388608	0	0	0	0	0		
1359	81		1	Spell	49	0	0	0	0	0	0		
1360	81		1	Spell	50	41943040	0	0	0	0	0		
1361	77		1	Spell	1	8388608	0	0	0	0	0		
1362	81		0	Spell	5	8519680	0	0	0	0	0		
1363	90		1	Spell	1	8388608	0	0	0	0	0		
1364	42		1	Spell	1	8388608	0	0	0	0	0		
1365	28		0	Spell	999	293863560	0	0	0	0	0	100	
1366	21		1	Spell	2217	8388608	0	0	0	0	0		
1367	10		0	Spell	2	4844961792	15	0	0	16	1		
1368	81		1	Spell	133	0	0	0	0	0	0		
1369	81		1	Spell	123	8388608	0	0	0	0	0		
1370	156		1	Spell	1	8388608	0	0	0	0	0		
1371	157		1	Spell	1	8388608	0	0	0	0	0		
1372	28		0	Spell	999	25559168	0	0	0	0	0	100	
1373	163		1	Spell	1	8388608	0	0	0	0	0		
1374	81		1	Spell	124	41943040	0	0	0	0	0		
1375	28		0	Spell	999	281475002138752	0	0	0	0	0	100	
1376	10		0	Spell	2	4844945408	0	0	0	0	0	100	
1377	81		0	Spell	143	17205297280	0	0	0	0	0		
1378	81		1	Spell	125	8388608	0	0	0	0	0		
1379	2		0	Spell	1010	537411712	35	0	0	1	0		
1380	13		0	Spell	50	537411712	0	0	0	0	0		
1381	23		0	Spell	576460752303423488	16384	0	0	0	0	0		
1382	23		0	Spell	1152921504606846976	16384	0	0	0	0	0		
1383	8		0	Spell	200	16512	0	0	0	0	0		
1384	21		1	Spell	2287	0	0	0	0	0	0		
1385	1		0	Spell	303	0	1	0	0	0	0		
1386	1		1	Spell	2286	0	0	0	0	0	0		
1387	2		0	Spell	1010	36028797564768416	25	0	0	0	0		
1388	48		1	Spell	8	0	0	0	0	0	0		
1389	2		0	Spell	1	537399424	40	0	0	0	2		
1390	2		0	Spell	999	544776	30	0	0	0	0		
1391	1		1	Spell	638	0	0	0	0	0	0		
1392	1		1	Spell	88	0	1	0	0	0	0		
1393	1		1	Spell	433	0	0	0	0	0	0		
1394	23		0	Spell	131072	16384	0	0	0	0	0		
1395	103		0	Spell	1014	545259648	1	0	0	0	0		
1396	10		0	Spell	512	16384	0	0	0	0	0		
1397	82		1	Spell	89	0	0	0	0	0	0		
1398	1		1	Spell	304	0	0	0	0	0	0		
1399	1		1	Spell	449	0	0	0	0	0	0		
1400	35		1	Spell	1	0	0	0	0	0	0		
1401	118		1	Spell	50	536870912	0	0	0	0	0		
1402	1		1	Spell	526	0	0	0	0	0	0		
1403	10		0	Spell	128	4718600	0	0	0	0	0	100	
1404	95		1	Spell	1	0	0	0	0	0	0		
1405	2		0	Spell	1008	96	20	5	0	3	0		
1406	1		1	Spell	632	0	0	0	0	0	0		
1407	126		0	Spell	-6	0	5	0	0	0	0		
1408	82		1	Spell	94	0	0	0	0	0	0		
1409	29		0	Spell	999	151680	30	0	0	0	0		
1410	37		1	Spell	303	0	0	0	0	0	0		
1411	103		0	Spell	1	537399424	0	0	0	0	0	100	
1412	21		1	Spell	811	0	0	0	0	0	0		
1413	42		1	Spell	14	0	0	0	0	0	0		
1414	1		1	Spell	489	0	0	0	0	0	0		
1415	1		1	Spell	330	0	0	0	0	0	0		
1416	38		1	Spell	-6	0	0	0	0	0	0		
1417	1		0	Spell	3756	0	1	0	0	0	0		
1418	42		1	Spell	6	0	0	0	0	0	0		
1419	2		0	Spell	1000	536875136	50	0	0	0	2		
1420	101		1	Spell	-10	537395200	0	0	0	0	0		
1421	81		0	Spell	112	0	0	0	0	0	0		
1422	50		1	Spell	1662	0	0	0	0	0	0		
1423	1		1	Spell	88	0	0	0	0	0	0		
1424	89		1	Spell	1	0	0	0	0	0	0		
1425	1		1	Spell	405	0	1	0	0	0	0		
1426	126		0	Spell	-7	0	5	0	0	0	0		
1427	103		0	Spell	1024	536871040	30	0	0	1	0		
1428	37		1	Spell	2794	0	0	0	0	0	0		
1429	89		1	Spell	2	0	0	0	0	0	0		
1430	89		1	Spell	5	0	0	0	0	0	0		
1431	42		1	Spell	12	0	0	0	0	0	0		
1432	82		1	Spell	68	0	0	0	0	0	0		
1433	81		1	Spell	128	0	0	0	0	0	0		
1434	10		0	Spell	288230376151711744	4194304	0	0	0	0	0	100	
1435	500		0	Spell	1064	16384	0	0	0	0	0		
1436	10		0	Spell	128	4194304	0	0	0	0	0	100	
1437	2		0	Spell	5025	536887424	100	0	0	0	0		
1438	89		1	Spell	3	0	0	0	0	0	0		
1439	63		1	Spell	25	0	0	0	0	0	0		
1440	81		1	Spell	87	0	0	0	0	0	0		
1441	108		0	Spell	-12	16512	35	0	0	0	0		
1442	108		0	Spell	-13	16512	35	0	0	0	0		
1443	102		1	Spell	9	0	0	0	0	0	0		
1444	21		1	Spell	404	0	0	0	0	0	0		
1445	35		1	Spell	1	0	0	0	0	0	0		
1446	91		1	Spell	1006	96	0	0	0	0	0	50	
1447	2		0	Spell	1006	96	100	0	0	1	0		
1448	1		1	Spell	88	0	0	0	0	0	0		
1449	81		1	Spell	42	0	0	0	0	0	0		
1450	89		1	Spell	10	0	0	0	0	0	0		
1451	1		1	Spell	304	0	0	0	0	0	0		
1452	1		1	Spell	632	0	0	0	0	0	0		
1453	1		1	Spell	449	0	0	0	0	0	0		
1454	1		1	Spell	489	0	0	0	0	0	0		
1455	38		1	Spell	-7	0	0	0	0	0	0		
1456	81		1	Spell	57	0	0	0	0	0	0		
1457	11		0	Spell	64	8404992	20	0	0	1	1		
1458	63		1	Spell	10	8388608	0	0	0	0	0		
1459	21		1	Spell	4053	0	0	0	0	0	0		
1460	29		0	Spell	999	1152947892886061184	20	0	0	0	0		
1461	10		0	Spell	1073741824	4294983808	0	0	0	0	0		
